Codigo region;Region;Codigo provincia;Provincia;Codigo comuna;Comuna;Sexo;Anos de escolaridad promedio;Anos de escolaridad promedio para la poblacion de 18 anos o mas
0;País;0;País;0;País;Total País;10,4;12,1
0;País;0;País;0;País;Hombre;10,3;12,1
0;País;0;País;0;País;Mujer;10,5;12,1
15;Arica y Parinacota;151;Arica;15101;Arica;Total Comuna;10,4;12,3
15;Arica y Parinacota;151;Arica;15101;Arica;Hombre;10,3;12,3
15;Arica y Parinacota;151;Arica;15101;Arica;Mujer;10,4;12,3
15;Arica y Parinacota;151;Arica;15102;Camarones;Total Comuna;9,2;10,0
15;Arica y Parinacota;151;Arica;15102;Camarones;Hombre;9,0;9,9
15;Arica y Parinacota;151;Arica;15102;Camarones;Mujer;9,3;10,1
15;Arica y Parinacota;152;Parinacota;15201;Putre;Total Comuna;9,0;10,3
15;Arica y Parinacota;152;Parinacota;15201;Putre;Hombre;9,4;10,7
15;Arica y Parinacota;152;Parinacota;15201;Putre;Mujer;8,6;9,8
15;Arica y Parinacota;152;Parinacota;15202;General Lagos;Total Comuna;5,8;6,8
15;Arica y Parinacota;152;Parinacota;15202;General Lagos;Hombre;6,5;7,8
15;Arica y Parinacota;152;Parinacota;15202;General Lagos;Mujer;5,0;5,8
1;Tarapacá;11;Iquique;1101;Iquique;Total Comuna;10,9;12,9
1;Tarapacá;11;Iquique;1101;Iquique;Hombre;10,9;13,0
1;Tarapacá;11;Iquique;1101;Iquique;Mujer;10,9;12,8
1;Tarapacá;11;Iquique;1107;Alto Hospicio;Total Comuna;9,1;11,4
1;Tarapacá;11;Iquique;1107;Alto Hospicio;Hombre;9,0;11,4
1;Tarapacá;11;Iquique;1107;Alto Hospicio;Mujer;9,2;11,4
1;Tarapacá;14;Del Tamarugal;1401;Pozo Almonte;Total Comuna;9,1;11,2
1;Tarapacá;14;Del Tamarugal;1401;Pozo Almonte;Hombre;9,2;11,3
1;Tarapacá;14;Del Tamarugal;1401;Pozo Almonte;Mujer;9,0;11,1
1;Tarapacá;14;Del Tamarugal;1402;Camiña;Total Comuna;7,5;8,9
1;Tarapacá;14;Del Tamarugal;1402;Camiña;Hombre;7,5;9,1
1;Tarapacá;14;Del Tamarugal;1402;Camiña;Mujer;7,4;8,7
1;Tarapacá;14;Del Tamarugal;1403;Colchane;Total Comuna;6,7;7,9
1;Tarapacá;14;Del Tamarugal;1403;Colchane;Hombre;7,2;8,5
1;Tarapacá;14;Del Tamarugal;1403;Colchane;Mujer;6,2;7,4
1;Tarapacá;14;Del Tamarugal;1404;Huara;Total Comuna;8,1;9,9
1;Tarapacá;14;Del Tamarugal;1404;Huara;Hombre;8,2;10,1
1;Tarapacá;14;Del Tamarugal;1404;Huara;Mujer;8,0;9,8
1;Tarapacá;14;Del Tamarugal;1405;Pica;Total Comuna;9,4;11,5
1;Tarapacá;14;Del Tamarugal;1405;Pica;Hombre;9,3;11,6
1;Tarapacá;14;Del Tamarugal;1405;Pica;Mujer;9,4;11,5
2;Antofagasta;21;Antofagasta;2101;Antofagasta;Total Comuna;10,7;12,7
2;Antofagasta;21;Antofagasta;2101;Antofagasta;Hombre;10,7;12,8
2;Antofagasta;21;Antofagasta;2101;Antofagasta;Mujer;10,7;12,6
2;Antofagasta;21;Antofagasta;2102;Mejillones;Total Comuna;9,3;11,5
2;Antofagasta;21;Antofagasta;2102;Mejillones;Hombre;9,3;11,5
2;Antofagasta;21;Antofagasta;2102;Mejillones;Mujer;9,4;11,4
2;Antofagasta;21;Antofagasta;2103;Sierra Gorda;Total Comuna;9,1;11,2
2;Antofagasta;21;Antofagasta;2103;Sierra Gorda;Hombre;8,9;11,4
2;Antofagasta;21;Antofagasta;2103;Sierra Gorda;Mujer;9,2;11,1
2;Antofagasta;21;Antofagasta;2104;Taltal;Total Comuna;9,5;11,2
2;Antofagasta;21;Antofagasta;2104;Taltal;Hombre;9,3;11,0
2;Antofagasta;21;Antofagasta;2104;Taltal;Mujer;9,6;11,3
2;Antofagasta;22;El Loa;2201;Calama;Total Comuna;10,3;12,3
2;Antofagasta;22;El Loa;2201;Calama;Hombre;10,3;12,5
2;Antofagasta;22;El Loa;2201;Calama;Mujer;10,2;12,2
2;Antofagasta;22;El Loa;2202;Ollagüe;Total Comuna;9,5;10,7
2;Antofagasta;22;El Loa;2202;Ollagüe;Hombre;10,3;11,6
2;Antofagasta;22;El Loa;2202;Ollagüe;Mujer;8,8;9,9
2;Antofagasta;22;El Loa;2203;San Pedro de Atacama;Total Comuna;9,8;11,7
2;Antofagasta;22;El Loa;2203;San Pedro de Atacama;Hombre;9,8;11,9
2;Antofagasta;22;El Loa;2203;San Pedro de Atacama;Mujer;9,8;11,7
2;Antofagasta;23;Tocopilla;2301;Tocopilla;Total Comuna;9,6;11,4
2;Antofagasta;23;Tocopilla;2301;Tocopilla;Hombre;9,5;11,4
2;Antofagasta;23;Tocopilla;2301;Tocopilla;Mujer;9,7;11,4
2;Antofagasta;23;Tocopilla;2302;María Elena;Total Comuna;10,1;12,0
2;Antofagasta;23;Tocopilla;2302;María Elena;Hombre;10,2;12,1
2;Antofagasta;23;Tocopilla;2302;María Elena;Mujer;10,1;11,9
3;Atacama;31;Copiapó;3101;Copiapó;Total Comuna;10,2;12,2
3;Atacama;31;Copiapó;3101;Copiapó;Hombre;10,2;12,2
3;Atacama;31;Copiapó;3101;Copiapó;Mujer;10,3;12,2
3;Atacama;31;Copiapó;3102;Caldera;Total Comuna;10,0;11,7
3;Atacama;31;Copiapó;3102;Caldera;Hombre;9,8;11,6
3;Atacama;31;Copiapó;3102;Caldera;Mujer;10,1;11,8
3;Atacama;31;Copiapó;3103;Tierra Amarilla;Total Comuna;8,9;10,5
3;Atacama;31;Copiapó;3103;Tierra Amarilla;Hombre;8,7;10,4
3;Atacama;31;Copiapó;3103;Tierra Amarilla;Mujer;9,0;10,5
3;Atacama;32;Chañaral;3201;Chañaral;Total Comuna;9,5;11,2
3;Atacama;32;Chañaral;3201;Chañaral;Hombre;9,4;11,2
3;Atacama;32;Chañaral;3201;Chañaral;Mujer;9,6;11,3
3;Atacama;32;Chañaral;3202;Diego de Almagro;Total Comuna;9,9;11,8
3;Atacama;32;Chañaral;3202;Diego de Almagro;Hombre;9,9;11,9
3;Atacama;32;Chañaral;3202;Diego de Almagro;Mujer;9,9;11,8
3;Atacama;33;Huasco;3301;Vallenar;Total Comuna;9,7;11,4
3;Atacama;33;Huasco;3301;Vallenar;Hombre;9,6;11,4
3;Atacama;33;Huasco;3301;Vallenar;Mujer;9,8;11,4
3;Atacama;33;Huasco;3302;Alto del Carmen;Total Comuna;8,6;9,7
3;Atacama;33;Huasco;3302;Alto del Carmen;Hombre;8,4;9,5
3;Atacama;33;Huasco;3302;Alto del Carmen;Mujer;8,9;10,0
3;Atacama;33;Huasco;3303;Freirina;Total Comuna;9,0;10,5
3;Atacama;33;Huasco;3303;Freirina;Hombre;8,9;10,4
3;Atacama;33;Huasco;3303;Freirina;Mujer;9,2;10,6
3;Atacama;33;Huasco;3304;Huasco;Total Comuna;9,7;11,3
3;Atacama;33;Huasco;3304;Huasco;Hombre;9,7;11,3
3;Atacama;33;Huasco;3304;Huasco;Mujer;9,8;11,4
4;Coquimbo;41;Elqui;4101;La Serena;Total Comuna;10,9;12,8
4;Coquimbo;41;Elqui;4101;La Serena;Hombre;10,8;12,9
4;Coquimbo;41;Elqui;4101;La Serena;Mujer;11,0;12,8
4;Coquimbo;41;Elqui;4102;Coquimbo;Total Comuna;10,4;12,3
4;Coquimbo;41;Elqui;4102;Coquimbo;Hombre;10,2;12,3
4;Coquimbo;41;Elqui;4102;Coquimbo;Mujer;10,5;12,3
4;Coquimbo;41;Elqui;4103;Andacollo;Total Comuna;9,3;10,6
4;Coquimbo;41;Elqui;4103;Andacollo;Hombre;9,1;10,5
4;Coquimbo;41;Elqui;4103;Andacollo;Mujer;9,4;10,8
4;Coquimbo;41;Elqui;4104;La Higuera;Total Comuna;8,3;9,4
4;Coquimbo;41;Elqui;4104;La Higuera;Hombre;8,0;9,1
4;Coquimbo;41;Elqui;4104;La Higuera;Mujer;8,6;9,7
4;Coquimbo;41;Elqui;4105;Paiguano;Total Comuna;9,8;11,2
4;Coquimbo;41;Elqui;4105;Paiguano;Hombre;9,6;10,9
4;Coquimbo;41;Elqui;4105;Paiguano;Mujer;10,1;11,5
4;Coquimbo;41;Elqui;4106;Vicuña;Total Comuna;9,5;11,0
4;Coquimbo;41;Elqui;4106;Vicuña;Hombre;9,3;10,8
4;Coquimbo;41;Elqui;4106;Vicuña;Mujer;9,7;11,1
4;Coquimbo;42;Choapa;4201;Illapel;Total Comuna;9,4;10,8
4;Coquimbo;42;Choapa;4201;Illapel;Hombre;9,2;10,8
4;Coquimbo;42;Choapa;4201;Illapel;Mujer;9,5;10,9
4;Coquimbo;42;Choapa;4202;Canela;Total Comuna;8,2;9,0
4;Coquimbo;42;Choapa;4202;Canela;Hombre;8,2;9,1
4;Coquimbo;42;Choapa;4202;Canela;Mujer;8,2;9,0
4;Coquimbo;42;Choapa;4203;Los Vilos;Total Comuna;9,4;11,0
4;Coquimbo;42;Choapa;4203;Los Vilos;Hombre;9,2;10,9
4;Coquimbo;42;Choapa;4203;Los Vilos;Mujer;9,5;11,1
4;Coquimbo;42;Choapa;4204;Salamanca;Total Comuna;9,2;10,7
4;Coquimbo;42;Choapa;4204;Salamanca;Hombre;9,1;10,5
4;Coquimbo;42;Choapa;4204;Salamanca;Mujer;9,3;10,8
4;Coquimbo;43;Limarí;4301;Ovalle;Total Comuna;9,6;11,2
4;Coquimbo;43;Limarí;4301;Ovalle;Hombre;9,4;11,1
4;Coquimbo;43;Limarí;4301;Ovalle;Mujer;9,7;11,2
4;Coquimbo;43;Limarí;4302;Combarbalá;Total Comuna;8,7;9,7
4;Coquimbo;43;Limarí;4302;Combarbalá;Hombre;8,7;9,7
4;Coquimbo;43;Limarí;4302;Combarbalá;Mujer;8,8;9,7
4;Coquimbo;43;Limarí;4303;Monte Patria;Total Comuna;8,4;9,6
4;Coquimbo;43;Limarí;4303;Monte Patria;Hombre;8,3;9,4
4;Coquimbo;43;Limarí;4303;Monte Patria;Mujer;8,6;9,8
4;Coquimbo;43;Limarí;4304;Punitaqui;Total Comuna;8,6;9,9
4;Coquimbo;43;Limarí;4304;Punitaqui;Hombre;8,4;9,8
4;Coquimbo;43;Limarí;4304;Punitaqui;Mujer;8,8;10,0
4;Coquimbo;43;Limarí;4305;Río Hurtado;Total Comuna;8,4;9,2
4;Coquimbo;43;Limarí;4305;Río Hurtado;Hombre;8,4;9,2
4;Coquimbo;43;Limarí;4305;Río Hurtado;Mujer;8,4;9,3
5;Valparaíso;51;Valparaíso;5101;Valparaíso;Total Comuna;10,9;12,5
5;Valparaíso;51;Valparaíso;5101;Valparaíso;Hombre;10,9;12,6
5;Valparaíso;51;Valparaíso;5101;Valparaíso;Mujer;11,0;12,5
5;Valparaíso;51;Valparaíso;5102;Casablanca;Total Comuna;9,9;11,6
5;Valparaíso;51;Valparaíso;5102;Casablanca;Hombre;9,8;11,5
5;Valparaíso;51;Valparaíso;5102;Casablanca;Mujer;10,1;11,7
5;Valparaíso;51;Valparaíso;5103;Concón;Total Comuna;12,0;14,0
5;Valparaíso;51;Valparaíso;5103;Concón;Hombre;12,0;14,1
5;Valparaíso;51;Valparaíso;5103;Concón;Mujer;11,9;13,8
5;Valparaíso;51;Valparaíso;5104;Juan Fernández;Total Comuna;10,3;12,5
5;Valparaíso;51;Valparaíso;5104;Juan Fernández;Hombre;10,4;12,3
5;Valparaíso;51;Valparaíso;5104;Juan Fernández;Mujer;10,3;12,8
5;Valparaíso;51;Valparaíso;5105;Puchuncaví;Total Comuna;10,0;11,6
5;Valparaíso;51;Valparaíso;5105;Puchuncaví;Hombre;9,9;11,6
5;Valparaíso;51;Valparaíso;5105;Puchuncaví;Mujer;10,1;11,7
5;Valparaíso;51;Valparaíso;5107;Quintero;Total Comuna;10,1;11,8
5;Valparaíso;51;Valparaíso;5107;Quintero;Hombre;10,0;11,9
5;Valparaíso;51;Valparaíso;5107;Quintero;Mujer;10,1;11,8
5;Valparaíso;51;Valparaíso;5109;Viña del Mar;Total Comuna;11,5;13,2
5;Valparaíso;51;Valparaíso;5109;Viña del Mar;Hombre;11,5;13,3
5;Valparaíso;51;Valparaíso;5109;Viña del Mar;Mujer;11,5;13,0
5;Valparaíso;52;Isla de Pascua;5201;Isla de Pascua;Total Comuna;10,5;12,8
5;Valparaíso;52;Isla de Pascua;5201;Isla de Pascua;Hombre;10,0;12,3
5;Valparaíso;52;Isla de Pascua;5201;Isla de Pascua;Mujer;11,0;13,3
5;Valparaíso;53;Los Andes;5301;Los Andes;Total Comuna;10,5;12,3
5;Valparaíso;53;Los Andes;5301;Los Andes;Hombre;10,5;12,4
5;Valparaíso;53;Los Andes;5301;Los Andes;Mujer;10,5;12,2
5;Valparaíso;53;Los Andes;5302;Calle Larga;Total Comuna;9,9;11,8
5;Valparaíso;53;Los Andes;5302;Calle Larga;Hombre;9,7;11,7
5;Valparaíso;53;Los Andes;5302;Calle Larga;Mujer;10,0;11,9
5;Valparaíso;53;Los Andes;5303;Rinconada;Total Comuna;9,9;11,8
5;Valparaíso;53;Los Andes;5303;Rinconada;Hombre;9,7;11,7
5;Valparaíso;53;Los Andes;5303;Rinconada;Mujer;10,0;11,9
5;Valparaíso;53;Los Andes;5304;San Esteban;Total Comuna;9,9;11,6
5;Valparaíso;53;Los Andes;5304;San Esteban;Hombre;9,8;11,5
5;Valparaíso;53;Los Andes;5304;San Esteban;Mujer;10,1;11,7
5;Valparaíso;54;Petorca;5401;La Ligua;Total Comuna;9,6;11,1
5;Valparaíso;54;Petorca;5401;La Ligua;Hombre;9,5;11,0
5;Valparaíso;54;Petorca;5401;La Ligua;Mujer;9,8;11,3
5;Valparaíso;54;Petorca;5402;Cabildo;Total Comuna;9,2;10,6
5;Valparaíso;54;Petorca;5402;Cabildo;Hombre;9,0;10,4
5;Valparaíso;54;Petorca;5402;Cabildo;Mujer;9,4;10,8
5;Valparaíso;54;Petorca;5403;Papudo;Total Comuna;9,9;11,5
5;Valparaíso;54;Petorca;5403;Papudo;Hombre;9,7;11,3
5;Valparaíso;54;Petorca;5403;Papudo;Mujer;10,1;11,7
5;Valparaíso;54;Petorca;5404;Petorca;Total Comuna;9,3;10,5
5;Valparaíso;54;Petorca;5404;Petorca;Hombre;9,1;10,3
5;Valparaíso;54;Petorca;5404;Petorca;Mujer;9,5;10,7
5;Valparaíso;54;Petorca;5405;Zapallar;Total Comuna;10,0;11,8
5;Valparaíso;54;Petorca;5405;Zapallar;Hombre;10,0;11,7
5;Valparaíso;54;Petorca;5405;Zapallar;Mujer;10,1;11,8
5;Valparaíso;55;Quillota;5501;Quillota;Total Comuna;10,3;12,1
5;Valparaíso;55;Quillota;5501;Quillota;Hombre;10,2;12,0
5;Valparaíso;55;Quillota;5501;Quillota;Mujer;10,5;12,1
5;Valparaíso;55;Quillota;5502;Calera;Total Comuna;9,8;11,4
5;Valparaíso;55;Quillota;5502;Calera;Hombre;9,7;11,4
5;Valparaíso;55;Quillota;5502;Calera;Mujer;9,9;11,4
5;Valparaíso;55;Quillota;5503;Hijuelas;Total Comuna;9,2;10,7
5;Valparaíso;55;Quillota;5503;Hijuelas;Hombre;9,0;10,5
5;Valparaíso;55;Quillota;5503;Hijuelas;Mujer;9,4;11,0
5;Valparaíso;55;Quillota;5504;La Cruz;Total Comuna;10,8;12,9
5;Valparaíso;55;Quillota;5504;La Cruz;Hombre;10,6;12,8
5;Valparaíso;55;Quillota;5504;La Cruz;Mujer;10,9;12,9
5;Valparaíso;55;Quillota;5506;Nogales;Total Comuna;9,4;10,8
5;Valparaíso;55;Quillota;5506;Nogales;Hombre;9,5;10,9
5;Valparaíso;55;Quillota;5506;Nogales;Mujer;9,4;10,7
5;Valparaíso;56;San Antonio;5601;San Antonio;Total Comuna;9,9;11,6
5;Valparaíso;56;San Antonio;5601;San Antonio;Hombre;9,7;11,5
5;Valparaíso;56;San Antonio;5601;San Antonio;Mujer;10,0;11,6
5;Valparaíso;56;San Antonio;5602;Algarrobo;Total Comuna;11,2;12,8
5;Valparaíso;56;San Antonio;5602;Algarrobo;Hombre;11,1;12,9
5;Valparaíso;56;San Antonio;5602;Algarrobo;Mujer;11,2;12,7
5;Valparaíso;56;San Antonio;5603;Cartagena;Total Comuna;9,4;10,9
5;Valparaíso;56;San Antonio;5603;Cartagena;Hombre;9,3;10,8
5;Valparaíso;56;San Antonio;5603;Cartagena;Mujer;9,5;10,9
5;Valparaíso;56;San Antonio;5604;El Quisco;Total Comuna;10,6;12,1
5;Valparaíso;56;San Antonio;5604;El Quisco;Hombre;10,6;12,2
5;Valparaíso;56;San Antonio;5604;El Quisco;Mujer;10,7;12,1
5;Valparaíso;56;San Antonio;5605;El Tabo;Total Comuna;10,3;11,6
5;Valparaíso;56;San Antonio;5605;El Tabo;Hombre;10,3;11,7
5;Valparaíso;56;San Antonio;5605;El Tabo;Mujer;10,3;11,6
5;Valparaíso;56;San Antonio;5606;Santo Domingo;Total Comuna;10,7;12,6
5;Valparaíso;56;San Antonio;5606;Santo Domingo;Hombre;10,6;12,5
5;Valparaíso;56;San Antonio;5606;Santo Domingo;Mujer;10,8;12,7
5;Valparaíso;57;San Felipe de Aconcagua;5701;San Felipe;Total Comuna;10,1;11,9
5;Valparaíso;57;San Felipe de Aconcagua;5701;San Felipe;Hombre;10,0;11,9
5;Valparaíso;57;San Felipe de Aconcagua;5701;San Felipe;Mujer;10,3;12,0
5;Valparaíso;57;San Felipe de Aconcagua;5702;Catemu;Total Comuna;9,1;10,4
5;Valparaíso;57;San Felipe de Aconcagua;5702;Catemu;Hombre;8,9;10,2
5;Valparaíso;57;San Felipe de Aconcagua;5702;Catemu;Mujer;9,2;10,6
5;Valparaíso;57;San Felipe de Aconcagua;5703;Llaillay;Total Comuna;9,4;11,0
5;Valparaíso;57;San Felipe de Aconcagua;5703;Llaillay;Hombre;9,1;10,8
5;Valparaíso;57;San Felipe de Aconcagua;5703;Llaillay;Mujer;9,6;11,2
5;Valparaíso;57;San Felipe de Aconcagua;5704;Panquehue;Total Comuna;9,3;10,7
5;Valparaíso;57;San Felipe de Aconcagua;5704;Panquehue;Hombre;9,1;10,6
5;Valparaíso;57;San Felipe de Aconcagua;5704;Panquehue;Mujer;9,5;10,8
5;Valparaíso;57;San Felipe de Aconcagua;5705;Putaendo;Total Comuna;9,7;11,2
5;Valparaíso;57;San Felipe de Aconcagua;5705;Putaendo;Hombre;9,5;11,0
5;Valparaíso;57;San Felipe de Aconcagua;5705;Putaendo;Mujer;9,9;11,4
5;Valparaíso;57;San Felipe de Aconcagua;5706;Santa María;Total Comuna;9,4;10,9
5;Valparaíso;57;San Felipe de Aconcagua;5706;Santa María;Hombre;9,2;10,6
5;Valparaíso;57;San Felipe de Aconcagua;5706;Santa María;Mujer;9,7;11,1
5;Valparaíso;58;Marga Marga;5801;Quilpué;Total Comuna;11,2;12,9
5;Valparaíso;58;Marga Marga;5801;Quilpué;Hombre;11,2;13,1
5;Valparaíso;58;Marga Marga;5801;Quilpué;Mujer;11,3;12,8
5;Valparaíso;58;Marga Marga;5802;Limache;Total Comuna;10,3;12,1
5;Valparaíso;58;Marga Marga;5802;Limache;Hombre;10,2;12,1
5;Valparaíso;58;Marga Marga;5802;Limache;Mujer;10,4;12,1
5;Valparaíso;58;Marga Marga;5803;Olmué;Total Comuna;10,0;11,6
5;Valparaíso;58;Marga Marga;5803;Olmué;Hombre;9,8;11,4
5;Valparaíso;58;Marga Marga;5803;Olmué;Mujer;10,2;11,7
5;Valparaíso;58;Marga Marga;5804;Villa Alemana;Total Comuna;11,0;12,9
5;Valparaíso;58;Marga Marga;5804;Villa Alemana;Hombre;11,0;13,1
5;Valparaíso;58;Marga Marga;5804;Villa Alemana;Mujer;11,1;12,8
13;Metropolitana de Santiago;131;Santiago;13101;Santiago;Total Comuna;12,4;14,0
13;Metropolitana de Santiago;131;Santiago;13101;Santiago;Hombre;12,4;13,9
13;Metropolitana de Santiago;131;Santiago;13101;Santiago;Mujer;12,5;14,1
13;Metropolitana de Santiago;131;Santiago;13102;Cerrillos;Total Comuna;10,0;11,8
13;Metropolitana de Santiago;131;Santiago;13102;Cerrillos;Hombre;10,0;11,9
13;Metropolitana de Santiago;131;Santiago;13102;Cerrillos;Mujer;10,1;11,7
13;Metropolitana de Santiago;131;Santiago;13103;Cerro Navia;Total Comuna;9,3;10,7
13;Metropolitana de Santiago;131;Santiago;13103;Cerro Navia;Hombre;9,3;10,8
13;Metropolitana de Santiago;131;Santiago;13103;Cerro Navia;Mujer;9,2;10,6
13;Metropolitana de Santiago;131;Santiago;13104;Conchalí;Total Comuna;10,1;11,7
13;Metropolitana de Santiago;131;Santiago;13104;Conchalí;Hombre;10,1;11,7
13;Metropolitana de Santiago;131;Santiago;13104;Conchalí;Mujer;10,1;11,6
13;Metropolitana de Santiago;131;Santiago;13105;El Bosque;Total Comuna;9,7;11,3
13;Metropolitana de Santiago;131;Santiago;13105;El Bosque;Hombre;9,7;11,3
13;Metropolitana de Santiago;131;Santiago;13105;El Bosque;Mujer;9,7;11,2
13;Metropolitana de Santiago;131;Santiago;13106;Estación Central;Total Comuna;10,7;12,5
13;Metropolitana de Santiago;131;Santiago;13106;Estación Central;Hombre;10,6;12,5
13;Metropolitana de Santiago;131;Santiago;13106;Estación Central;Mujer;10,7;12,5
13;Metropolitana de Santiago;131;Santiago;13107;Huechuraba;Total Comuna;10,9;12,9
13;Metropolitana de Santiago;131;Santiago;13107;Huechuraba;Hombre;10,9;13,1
13;Metropolitana de Santiago;131;Santiago;13107;Huechuraba;Mujer;10,9;12,8
13;Metropolitana de Santiago;131;Santiago;13108;Independencia;Total Comuna;10,9;12,9
13;Metropolitana de Santiago;131;Santiago;13108;Independencia;Hombre;10,9;12,9
13;Metropolitana de Santiago;131;Santiago;13108;Independencia;Mujer;11,0;12,8
13;Metropolitana de Santiago;131;Santiago;13109;La Cisterna;Total Comuna;11,2;13,0
13;Metropolitana de Santiago;131;Santiago;13109;La Cisterna;Hombre;11,1;13,1
13;Metropolitana de Santiago;131;Santiago;13109;La Cisterna;Mujer;11,3;12,9
13;Metropolitana de Santiago;131;Santiago;13110;La Florida;Total Comuna;11,3;13,0
13;Metropolitana de Santiago;131;Santiago;13110;La Florida;Hombre;11,3;13,2
13;Metropolitana de Santiago;131;Santiago;13110;La Florida;Mujer;11,2;12,8
13;Metropolitana de Santiago;131;Santiago;13111;La Granja;Total Comuna;9,7;11,2
13;Metropolitana de Santiago;131;Santiago;13111;La Granja;Hombre;9,7;11,3
13;Metropolitana de Santiago;131;Santiago;13111;La Granja;Mujer;9,7;11,1
13;Metropolitana de Santiago;131;Santiago;13112;La Pintana;Total Comuna;8,8;10,4
13;Metropolitana de Santiago;131;Santiago;13112;La Pintana;Hombre;8,7;10,4
13;Metropolitana de Santiago;131;Santiago;13112;La Pintana;Mujer;8,9;10,4
13;Metropolitana de Santiago;131;Santiago;13113;La Reina;Total Comuna;12,8;15,0
13;Metropolitana de Santiago;131;Santiago;13113;La Reina;Hombre;12,8;15,3
13;Metropolitana de Santiago;131;Santiago;13113;La Reina;Mujer;12,7;14,7
13;Metropolitana de Santiago;131;Santiago;13114;Las Condes;Total Comuna;13,7;15,7
13;Metropolitana de Santiago;131;Santiago;13114;Las Condes;Hombre;13,8;16,2
13;Metropolitana de Santiago;131;Santiago;13114;Las Condes;Mujer;13,5;15,3
13;Metropolitana de Santiago;131;Santiago;13115;Lo Barnechea;Total Comuna;12,1;14,7
13;Metropolitana de Santiago;131;Santiago;13115;Lo Barnechea;Hombre;12,1;15,1
13;Metropolitana de Santiago;131;Santiago;13115;Lo Barnechea;Mujer;12,0;14,4
13;Metropolitana de Santiago;131;Santiago;13116;Lo Espejo;Total Comuna;9,2;10,7
13;Metropolitana de Santiago;131;Santiago;13116;Lo Espejo;Hombre;9,3;10,8
13;Metropolitana de Santiago;131;Santiago;13116;Lo Espejo;Mujer;9,2;10,6
13;Metropolitana de Santiago;131;Santiago;13117;Lo Prado;Total Comuna;10,0;11,4
13;Metropolitana de Santiago;131;Santiago;13117;Lo Prado;Hombre;10,0;11,5
13;Metropolitana de Santiago;131;Santiago;13117;Lo Prado;Mujer;9,9;11,2
13;Metropolitana de Santiago;131;Santiago;13118;Macul;Total Comuna;11,8;13,5
13;Metropolitana de Santiago;131;Santiago;13118;Macul;Hombre;11,8;13,6
13;Metropolitana de Santiago;131;Santiago;13118;Macul;Mujer;11,8;13,4
13;Metropolitana de Santiago;131;Santiago;13119;Maipú;Total Comuna;11,0;12,7
13;Metropolitana de Santiago;131;Santiago;13119;Maipú;Hombre;11,1;12,9
13;Metropolitana de Santiago;131;Santiago;13119;Maipú;Mujer;11,0;12,6
13;Metropolitana de Santiago;131;Santiago;13120;Ñuñoa;Total Comuna;13,7;15,5
13;Metropolitana de Santiago;131;Santiago;13120;Ñuñoa;Hombre;13,7;15,8
13;Metropolitana de Santiago;131;Santiago;13120;Ñuñoa;Mujer;13,7;15,3
13;Metropolitana de Santiago;131;Santiago;13121;Pedro Aguirre Cerda;Total Comuna;10,0;11,4
13;Metropolitana de Santiago;131;Santiago;13121;Pedro Aguirre Cerda;Hombre;10,0;11,5
13;Metropolitana de Santiago;131;Santiago;13121;Pedro Aguirre Cerda;Mujer;10,0;11,4
13;Metropolitana de Santiago;131;Santiago;13122;Peñalolén;Total Comuna;10,7;12,4
13;Metropolitana de Santiago;131;Santiago;13122;Peñalolén;Hombre;10,7;12,5
13;Metropolitana de Santiago;131;Santiago;13122;Peñalolén;Mujer;10,7;12,3
13;Metropolitana de Santiago;131;Santiago;13123;Providencia;Total Comuna;14,4;16,2
13;Metropolitana de Santiago;131;Santiago;13123;Providencia;Hombre;14,6;16,5
13;Metropolitana de Santiago;131;Santiago;13123;Providencia;Mujer;14,3;15,9
13;Metropolitana de Santiago;131;Santiago;13124;Pudahuel;Total Comuna;10,2;11,9
13;Metropolitana de Santiago;131;Santiago;13124;Pudahuel;Hombre;10,2;12,0
13;Metropolitana de Santiago;131;Santiago;13124;Pudahuel;Mujer;10,2;11,8
13;Metropolitana de Santiago;131;Santiago;13125;Quilicura;Total Comuna;10,4;12,3
13;Metropolitana de Santiago;131;Santiago;13125;Quilicura;Hombre;10,4;12,4
13;Metropolitana de Santiago;131;Santiago;13125;Quilicura;Mujer;10,4;12,2
13;Metropolitana de Santiago;131;Santiago;13126;Quinta Normal;Total Comuna;10,6;12,4
13;Metropolitana de Santiago;131;Santiago;13126;Quinta Normal;Hombre;10,6;12,4
13;Metropolitana de Santiago;131;Santiago;13126;Quinta Normal;Mujer;10,7;12,3
13;Metropolitana de Santiago;131;Santiago;13127;Recoleta;Total Comuna;10,2;11,8
13;Metropolitana de Santiago;131;Santiago;13127;Recoleta;Hombre;10,2;11,9
13;Metropolitana de Santiago;131;Santiago;13127;Recoleta;Mujer;10,2;11,7
13;Metropolitana de Santiago;131;Santiago;13128;Renca;Total Comuna;9,5;11,2
13;Metropolitana de Santiago;131;Santiago;13128;Renca;Hombre;9,5;11,3
13;Metropolitana de Santiago;131;Santiago;13128;Renca;Mujer;9,5;11,1
13;Metropolitana de Santiago;131;Santiago;13129;San Joaquín;Total Comuna;10,6;12,1
13;Metropolitana de Santiago;131;Santiago;13129;San Joaquín;Hombre;10,6;12,3
13;Metropolitana de Santiago;131;Santiago;13129;San Joaquín;Mujer;10,6;12,0
13;Metropolitana de Santiago;131;Santiago;13130;San Miguel;Total Comuna;12,3;14,3
13;Metropolitana de Santiago;131;Santiago;13130;San Miguel;Hombre;12,2;14,4
13;Metropolitana de Santiago;131;Santiago;13130;San Miguel;Mujer;12,3;14,1
13;Metropolitana de Santiago;131;Santiago;13131;San Ramón;Total Comuna;9,5;10,9
13;Metropolitana de Santiago;131;Santiago;13131;San Ramón;Hombre;9,5;11,0
13;Metropolitana de Santiago;131;Santiago;13131;San Ramón;Mujer;9,5;10,8
13;Metropolitana de Santiago;131;Santiago;13132;Vitacura;Total Comuna;13,4;16,0
13;Metropolitana de Santiago;131;Santiago;13132;Vitacura;Hombre;13,7;16,7
13;Metropolitana de Santiago;131;Santiago;13132;Vitacura;Mujer;13,2;15,5
13;Metropolitana de Santiago;132;Cordillera;13201;Puente Alto;Total Comuna;10,4;12,3
13;Metropolitana de Santiago;132;Cordillera;13201;Puente Alto;Hombre;10,4;12,3
13;Metropolitana de Santiago;132;Cordillera;13201;Puente Alto;Mujer;10,5;12,2
13;Metropolitana de Santiago;132;Cordillera;13202;Pirque;Total Comuna;10,6;12,5
13;Metropolitana de Santiago;132;Cordillera;13202;Pirque;Hombre;10,4;12,4
13;Metropolitana de Santiago;132;Cordillera;13202;Pirque;Mujer;10,7;12,6
13;Metropolitana de Santiago;132;Cordillera;13203;San José de Maipo;Total Comuna;10,6;12,4
13;Metropolitana de Santiago;132;Cordillera;13203;San José de Maipo;Hombre;10,5;12,3
13;Metropolitana de Santiago;132;Cordillera;13203;San José de Maipo;Mujer;10,8;12,5
13;Metropolitana de Santiago;133;Chacabuco;13301;Colina;Total Comuna;10,1;12,6
13;Metropolitana de Santiago;133;Chacabuco;13301;Colina;Hombre;10,0;12,6
13;Metropolitana de Santiago;133;Chacabuco;13301;Colina;Mujer;10,2;12,7
13;Metropolitana de Santiago;133;Chacabuco;13302;Lampa;Total Comuna;9,8;12,2
13;Metropolitana de Santiago;133;Chacabuco;13302;Lampa;Hombre;9,6;12,1
13;Metropolitana de Santiago;133;Chacabuco;13302;Lampa;Mujer;9,9;12,3
13;Metropolitana de Santiago;133;Chacabuco;13303;Tiltil;Total Comuna;9,7;11,5
13;Metropolitana de Santiago;133;Chacabuco;13303;Tiltil;Hombre;9,6;11,5
13;Metropolitana de Santiago;133;Chacabuco;13303;Tiltil;Mujer;9,8;11,6
13;Metropolitana de Santiago;134;Maipo;13401;San Bernardo;Total Comuna;9,9;11,8
13;Metropolitana de Santiago;134;Maipo;13401;San Bernardo;Hombre;9,8;11,8
13;Metropolitana de Santiago;134;Maipo;13401;San Bernardo;Mujer;10,0;11,7
13;Metropolitana de Santiago;134;Maipo;13402;Buin;Total Comuna;10,2;12,3
13;Metropolitana de Santiago;134;Maipo;13402;Buin;Hombre;10,1;12,3
13;Metropolitana de Santiago;134;Maipo;13402;Buin;Mujer;10,3;12,3
13;Metropolitana de Santiago;134;Maipo;13403;Calera de Tango;Total Comuna;10,4;12,1
13;Metropolitana de Santiago;134;Maipo;13403;Calera de Tango;Hombre;10,3;12,1
13;Metropolitana de Santiago;134;Maipo;13403;Calera de Tango;Mujer;10,4;12,1
13;Metropolitana de Santiago;134;Maipo;13404;Paine;Total Comuna;9,6;11,4
13;Metropolitana de Santiago;134;Maipo;13404;Paine;Hombre;9,5;11,3
13;Metropolitana de Santiago;134;Maipo;13404;Paine;Mujer;9,8;11,4
13;Metropolitana de Santiago;135;Melipilla;13501;Melipilla;Total Comuna;9,6;11,3
13;Metropolitana de Santiago;135;Melipilla;13501;Melipilla;Hombre;9,4;11,1
13;Metropolitana de Santiago;135;Melipilla;13501;Melipilla;Mujer;9,7;11,4
13;Metropolitana de Santiago;135;Melipilla;13502;Alhué;Total Comuna;9,2;10,9
13;Metropolitana de Santiago;135;Melipilla;13502;Alhué;Hombre;9,0;10,8
13;Metropolitana de Santiago;135;Melipilla;13502;Alhué;Mujer;9,3;11,0
13;Metropolitana de Santiago;135;Melipilla;13503;Curacaví;Total Comuna;10,0;11,7
13;Metropolitana de Santiago;135;Melipilla;13503;Curacaví;Hombre;9,9;11,6
13;Metropolitana de Santiago;135;Melipilla;13503;Curacaví;Mujer;10,1;11,8
13;Metropolitana de Santiago;135;Melipilla;13504;María Pinto;Total Comuna;9,3;10,8
13;Metropolitana de Santiago;135;Melipilla;13504;María Pinto;Hombre;9,1;10,7
13;Metropolitana de Santiago;135;Melipilla;13504;María Pinto;Mujer;9,4;11,0
13;Metropolitana de Santiago;135;Melipilla;13505;San Pedro;Total Comuna;8,6;10,0
13;Metropolitana de Santiago;135;Melipilla;13505;San Pedro;Hombre;8,5;9,8
13;Metropolitana de Santiago;135;Melipilla;13505;San Pedro;Mujer;8,8;10,2
13;Metropolitana de Santiago;136;Talagante;13601;Talagante;Total Comuna;10,1;12,0
13;Metropolitana de Santiago;136;Talagante;13601;Talagante;Hombre;10,1;12,0
13;Metropolitana de Santiago;136;Talagante;13601;Talagante;Mujer;10,2;12,0
13;Metropolitana de Santiago;136;Talagante;13602;El Monte;Total Comuna;9,4;11,1
13;Metropolitana de Santiago;136;Talagante;13602;El Monte;Hombre;9,3;11,1
13;Metropolitana de Santiago;136;Talagante;13602;El Monte;Mujer;9,6;11,2
13;Metropolitana de Santiago;136;Talagante;13603;Isla de Maipo;Total Comuna;9,7;11,4
13;Metropolitana de Santiago;136;Talagante;13603;Isla de Maipo;Hombre;9,6;11,3
13;Metropolitana de Santiago;136;Talagante;13603;Isla de Maipo;Mujer;9,8;11,4
13;Metropolitana de Santiago;136;Talagante;13604;Padre Hurtado;Total Comuna;10,1;12,3
13;Metropolitana de Santiago;136;Talagante;13604;Padre Hurtado;Hombre;10,0;12,3
13;Metropolitana de Santiago;136;Talagante;13604;Padre Hurtado;Mujer;10,2;12,2
13;Metropolitana de Santiago;136;Talagante;13605;Peñaflor;Total Comuna;10,3;12,1
13;Metropolitana de Santiago;136;Talagante;13605;Peñaflor;Hombre;10,3;12,2
13;Metropolitana de Santiago;136;Talagante;13605;Peñaflor;Mujer;10,3;12,1
6;Libertador General Bernardo O'Higgins;61;Cachapoal;6101;Rancagua;Total Comuna;10,5;12,2
6;Libertador General Bernardo O'Higgins;61;Cachapoal;6101;Rancagua;Hombre;10,4;12,3
6;Libertador General Bernardo O'Higgins;61;Cachapoal;6101;Rancagua;Mujer;10,5;12,2
6;Libertador General Bernardo O'Higgins;61;Cachapoal;6102;Codegua;Total Comuna;9,3;10,8
6;Libertador General Bernardo O'Higgins;61;Cachapoal;6102;Codegua;Hombre;9,2;10,7
6;Libertador General Bernardo O'Higgins;61;Cachapoal;6102;Codegua;Mujer;9,4;10,9
6;Libertador General Bernardo O'Higgins;61;Cachapoal;6103;Coinco;Total Comuna;9,3;10,6
6;Libertador General Bernardo O'Higgins;61;Cachapoal;6103;Coinco;Hombre;9,1;10,5
6;Libertador General Bernardo O'Higgins;61;Cachapoal;6103;Coinco;Mujer;9,4;10,8
6;Libertador General Bernardo O'Higgins;61;Cachapoal;6104;Coltauco;Total Comuna;9,0;10,3
6;Libertador General Bernardo O'Higgins;61;Cachapoal;6104;Coltauco;Hombre;8,8;10,1
6;Libertador General Bernardo O'Higgins;61;Cachapoal;6104;Coltauco;Mujer;9,1;10,5
6;Libertador General Bernardo O'Higgins;61;Cachapoal;6105;Doñihue;Total Comuna;9,7;11,3
6;Libertador General Bernardo O'Higgins;61;Cachapoal;6105;Doñihue;Hombre;9,6;11,2
6;Libertador General Bernardo O'Higgins;61;Cachapoal;6105;Doñihue;Mujer;9,8;11,4
6;Libertador General Bernardo O'Higgins;61;Cachapoal;6106;Graneros;Total Comuna;9,7;11,5
6;Libertador General Bernardo O'Higgins;61;Cachapoal;6106;Graneros;Hombre;9,6;11,5
6;Libertador General Bernardo O'Higgins;61;Cachapoal;6106;Graneros;Mujer;9,8;11,5
6;Libertador General Bernardo O'Higgins;61;Cachapoal;6107;Las Cabras;Total Comuna;8,9;10,3
6;Libertador General Bernardo O'Higgins;61;Cachapoal;6107;Las Cabras;Hombre;8,7;10,1
6;Libertador General Bernardo O'Higgins;61;Cachapoal;6107;Las Cabras;Mujer;9,1;10,5
6;Libertador General Bernardo O'Higgins;61;Cachapoal;6108;Machalí;Total Comuna;11,0;13,4
6;Libertador General Bernardo O'Higgins;61;Cachapoal;6108;Machalí;Hombre;11,0;13,6
6;Libertador General Bernardo O'Higgins;61;Cachapoal;6108;Machalí;Mujer;11,1;13,3
6;Libertador General Bernardo O'Higgins;61;Cachapoal;6109;Malloa;Total Comuna;9,0;10,2
6;Libertador General Bernardo O'Higgins;61;Cachapoal;6109;Malloa;Hombre;8,8;10,0
6;Libertador General Bernardo O'Higgins;61;Cachapoal;6109;Malloa;Mujer;9,2;10,5
6;Libertador General Bernardo O'Higgins;61;Cachapoal;6110;Mostazal;Total Comuna;9,4;10,9
6;Libertador General Bernardo O'Higgins;61;Cachapoal;6110;Mostazal;Hombre;9,3;10,9
6;Libertador General Bernardo O'Higgins;61;Cachapoal;6110;Mostazal;Mujer;9,4;11,0
6;Libertador General Bernardo O'Higgins;61;Cachapoal;6111;Olivar;Total Comuna;9,7;11,2
6;Libertador General Bernardo O'Higgins;61;Cachapoal;6111;Olivar;Hombre;9,6;11,1
6;Libertador General Bernardo O'Higgins;61;Cachapoal;6111;Olivar;Mujer;9,8;11,3
6;Libertador General Bernardo O'Higgins;61;Cachapoal;6112;Peumo;Total Comuna;9,1;10,5
6;Libertador General Bernardo O'Higgins;61;Cachapoal;6112;Peumo;Hombre;8,9;10,3
6;Libertador General Bernardo O'Higgins;61;Cachapoal;6112;Peumo;Mujer;9,3;10,6
6;Libertador General Bernardo O'Higgins;61;Cachapoal;6113;Pichidegua;Total Comuna;8,7;9,9
6;Libertador General Bernardo O'Higgins;61;Cachapoal;6113;Pichidegua;Hombre;8,5;9,7
6;Libertador General Bernardo O'Higgins;61;Cachapoal;6113;Pichidegua;Mujer;9,0;10,2
6;Libertador General Bernardo O'Higgins;61;Cachapoal;6114;Quinta de Tilcoco;Total Comuna;9,1;10,5
6;Libertador General Bernardo O'Higgins;61;Cachapoal;6114;Quinta de Tilcoco;Hombre;8,8;10,1
6;Libertador General Bernardo O'Higgins;61;Cachapoal;6114;Quinta de Tilcoco;Mujer;9,4;10,8
6;Libertador General Bernardo O'Higgins;61;Cachapoal;6115;Rengo;Total Comuna;9,5;11,1
6;Libertador General Bernardo O'Higgins;61;Cachapoal;6115;Rengo;Hombre;9,3;11,0
6;Libertador General Bernardo O'Higgins;61;Cachapoal;6115;Rengo;Mujer;9,6;11,2
6;Libertador General Bernardo O'Higgins;61;Cachapoal;6116;Requínoa;Total Comuna;9,4;11,1
6;Libertador General Bernardo O'Higgins;61;Cachapoal;6116;Requínoa;Hombre;9,3;11,0
6;Libertador General Bernardo O'Higgins;61;Cachapoal;6116;Requínoa;Mujer;9,5;11,1
6;Libertador General Bernardo O'Higgins;61;Cachapoal;6117;San Vicente;Total Comuna;9,5;11,0
6;Libertador General Bernardo O'Higgins;61;Cachapoal;6117;San Vicente;Hombre;9,3;10,8
6;Libertador General Bernardo O'Higgins;61;Cachapoal;6117;San Vicente;Mujer;9,8;11,2
6;Libertador General Bernardo O'Higgins;62;Cardenal Caro;6201;Pichilemu;Total Comuna;10,1;11,8
6;Libertador General Bernardo O'Higgins;62;Cardenal Caro;6201;Pichilemu;Hombre;9,9;11,6
6;Libertador General Bernardo O'Higgins;62;Cardenal Caro;6201;Pichilemu;Mujer;10,3;11,9
6;Libertador General Bernardo O'Higgins;62;Cardenal Caro;6202;La Estrella;Total Comuna;9,1;10,3
6;Libertador General Bernardo O'Higgins;62;Cardenal Caro;6202;La Estrella;Hombre;9,1;10,3
6;Libertador General Bernardo O'Higgins;62;Cardenal Caro;6202;La Estrella;Mujer;9,2;10,4
6;Libertador General Bernardo O'Higgins;62;Cardenal Caro;6203;Litueche;Total Comuna;9,2;10,6
6;Libertador General Bernardo O'Higgins;62;Cardenal Caro;6203;Litueche;Hombre;9,0;10,4
6;Libertador General Bernardo O'Higgins;62;Cardenal Caro;6203;Litueche;Mujer;9,4;10,8
6;Libertador General Bernardo O'Higgins;62;Cardenal Caro;6204;Marchihue;Total Comuna;8,9;10,1
6;Libertador General Bernardo O'Higgins;62;Cardenal Caro;6204;Marchihue;Hombre;8,7;9,9
6;Libertador General Bernardo O'Higgins;62;Cardenal Caro;6204;Marchihue;Mujer;9,2;10,3
6;Libertador General Bernardo O'Higgins;62;Cardenal Caro;6205;Navidad;Total Comuna;9,5;10,9
6;Libertador General Bernardo O'Higgins;62;Cardenal Caro;6205;Navidad;Hombre;9,3;10,7
6;Libertador General Bernardo O'Higgins;62;Cardenal Caro;6205;Navidad;Mujer;9,8;11,2
6;Libertador General Bernardo O'Higgins;62;Cardenal Caro;6206;Paredones;Total Comuna;8,3;9,3
6;Libertador General Bernardo O'Higgins;62;Cardenal Caro;6206;Paredones;Hombre;8,2;9,0
6;Libertador General Bernardo O'Higgins;62;Cardenal Caro;6206;Paredones;Mujer;8,5;9,5
6;Libertador General Bernardo O'Higgins;63;Colchagua;6301;San Fernando;Total Comuna;9,9;11,7
6;Libertador General Bernardo O'Higgins;63;Colchagua;6301;San Fernando;Hombre;9,8;11,6
6;Libertador General Bernardo O'Higgins;63;Colchagua;6301;San Fernando;Mujer;10,1;11,8
6;Libertador General Bernardo O'Higgins;63;Colchagua;6302;Chépica;Total Comuna;8,7;9,8
6;Libertador General Bernardo O'Higgins;63;Colchagua;6302;Chépica;Hombre;8,4;9,6
6;Libertador General Bernardo O'Higgins;63;Colchagua;6302;Chépica;Mujer;8,9;10,1
6;Libertador General Bernardo O'Higgins;63;Colchagua;6303;Chimbarongo;Total Comuna;8,9;10,3
6;Libertador General Bernardo O'Higgins;63;Colchagua;6303;Chimbarongo;Hombre;8,8;10,1
6;Libertador General Bernardo O'Higgins;63;Colchagua;6303;Chimbarongo;Mujer;9,1;10,5
6;Libertador General Bernardo O'Higgins;63;Colchagua;6304;Lolol;Total Comuna;8,8;9,8
6;Libertador General Bernardo O'Higgins;63;Colchagua;6304;Lolol;Hombre;8,6;9,7
6;Libertador General Bernardo O'Higgins;63;Colchagua;6304;Lolol;Mujer;8,9;10,0
6;Libertador General Bernardo O'Higgins;63;Colchagua;6305;Nancagua;Total Comuna;9,1;10,5
6;Libertador General Bernardo O'Higgins;63;Colchagua;6305;Nancagua;Hombre;8,9;10,4
6;Libertador General Bernardo O'Higgins;63;Colchagua;6305;Nancagua;Mujer;9,3;10,6
6;Libertador General Bernardo O'Higgins;63;Colchagua;6306;Palmilla;Total Comuna;8,9;10,1
6;Libertador General Bernardo O'Higgins;63;Colchagua;6306;Palmilla;Hombre;8,7;9,9
6;Libertador General Bernardo O'Higgins;63;Colchagua;6306;Palmilla;Mujer;9,1;10,2
6;Libertador General Bernardo O'Higgins;63;Colchagua;6307;Peralillo;Total Comuna;9,2;10,5
6;Libertador General Bernardo O'Higgins;63;Colchagua;6307;Peralillo;Hombre;9,0;10,3
6;Libertador General Bernardo O'Higgins;63;Colchagua;6307;Peralillo;Mujer;9,4;10,7
6;Libertador General Bernardo O'Higgins;63;Colchagua;6308;Placilla;Total Comuna;9,0;10,3
6;Libertador General Bernardo O'Higgins;63;Colchagua;6308;Placilla;Hombre;8,8;10,1
6;Libertador General Bernardo O'Higgins;63;Colchagua;6308;Placilla;Mujer;9,2;10,5
6;Libertador General Bernardo O'Higgins;63;Colchagua;6309;Pumanque;Total Comuna;8,8;9,8
6;Libertador General Bernardo O'Higgins;63;Colchagua;6309;Pumanque;Hombre;8,6;9,6
6;Libertador General Bernardo O'Higgins;63;Colchagua;6309;Pumanque;Mujer;9,0;10,0
6;Libertador General Bernardo O'Higgins;63;Colchagua;6310;Santa Cruz;Total Comuna;9,7;11,3
6;Libertador General Bernardo O'Higgins;63;Colchagua;6310;Santa Cruz;Hombre;9,5;11,1
6;Libertador General Bernardo O'Higgins;63;Colchagua;6310;Santa Cruz;Mujer;9,9;11,4
7;Maule;71;Talca;7101;Talca;Total Comuna;10,6;12,4
7;Maule;71;Talca;7101;Talca;Hombre;10,5;12,4
7;Maule;71;Talca;7101;Talca;Mujer;10,8;12,5
7;Maule;71;Talca;7102;Constitución;Total Comuna;9,2;10,8
7;Maule;71;Talca;7102;Constitución;Hombre;9,0;10,7
7;Maule;71;Talca;7102;Constitución;Mujer;9,4;11,0
7;Maule;71;Talca;7103;Curepto;Total Comuna;8,5;9,3
7;Maule;71;Talca;7103;Curepto;Hombre;8,3;9,1
7;Maule;71;Talca;7103;Curepto;Mujer;8,7;9,5
7;Maule;71;Talca;7104;Empedrado;Total Comuna;8,2;9,3
7;Maule;71;Talca;7104;Empedrado;Hombre;7,8;8,9
7;Maule;71;Talca;7104;Empedrado;Mujer;8,6;9,7
7;Maule;71;Talca;7105;Maule;Total Comuna;9,8;12,0
7;Maule;71;Talca;7105;Maule;Hombre;9,5;11,7
7;Maule;71;Talca;7105;Maule;Mujer;10,0;12,1
7;Maule;71;Talca;7106;Pelarco;Total Comuna;8,8;10,1
7;Maule;71;Talca;7106;Pelarco;Hombre;8,4;9,7
7;Maule;71;Talca;7106;Pelarco;Mujer;9,1;10,4
7;Maule;71;Talca;7107;Pencahue;Total Comuna;8,9;10,1
7;Maule;71;Talca;7107;Pencahue;Hombre;8,7;9,8
7;Maule;71;Talca;7107;Pencahue;Mujer;9,2;10,4
7;Maule;71;Talca;7108;Río Claro;Total Comuna;8,4;9,5
7;Maule;71;Talca;7108;Río Claro;Hombre;8,1;9,2
7;Maule;71;Talca;7108;Río Claro;Mujer;8,6;9,7
7;Maule;71;Talca;7109;San Clemente;Total Comuna;8,7;10,1
7;Maule;71;Talca;7109;San Clemente;Hombre;8,4;9,8
7;Maule;71;Talca;7109;San Clemente;Mujer;8,9;10,3
7;Maule;71;Talca;7110;San Rafael;Total Comuna;8,9;10,3
7;Maule;71;Talca;7110;San Rafael;Hombre;8,7;10,1
7;Maule;71;Talca;7110;San Rafael;Mujer;9,1;10,5
7;Maule;72;Cauquenes;7201;Cauquenes;Total Comuna;9,1;10,5
7;Maule;72;Cauquenes;7201;Cauquenes;Hombre;8,9;10,2
7;Maule;72;Cauquenes;7201;Cauquenes;Mujer;9,4;10,7
7;Maule;72;Cauquenes;7202;Chanco;Total Comuna;8,4;9,4
7;Maule;72;Cauquenes;7202;Chanco;Hombre;8,1;9,1
7;Maule;72;Cauquenes;7202;Chanco;Mujer;8,6;9,7
7;Maule;72;Cauquenes;7203;Pelluhue;Total Comuna;9,3;10,7
7;Maule;72;Cauquenes;7203;Pelluhue;Hombre;9,0;10,4
7;Maule;72;Cauquenes;7203;Pelluhue;Mujer;9,6;11,0
7;Maule;73;Curicó;7301;Curicó;Total Comuna;10,0;11,8
7;Maule;73;Curicó;7301;Curicó;Hombre;9,9;11,7
7;Maule;73;Curicó;7301;Curicó;Mujer;10,1;11,8
7;Maule;73;Curicó;7302;Hualañé;Total Comuna;8,7;9,9
7;Maule;73;Curicó;7302;Hualañé;Hombre;8,4;9,6
7;Maule;73;Curicó;7302;Hualañé;Mujer;9,1;10,2
7;Maule;73;Curicó;7303;Licantén;Total Comuna;9,4;10,6
7;Maule;73;Curicó;7303;Licantén;Hombre;9,2;10,4
7;Maule;73;Curicó;7303;Licantén;Mujer;9,5;10,9
7;Maule;73;Curicó;7304;Molina;Total Comuna;9,2;10,6
7;Maule;73;Curicó;7304;Molina;Hombre;9,0;10,5
7;Maule;73;Curicó;7304;Molina;Mujer;9,4;10,7
7;Maule;73;Curicó;7305;Rauco;Total Comuna;8,8;10,1
7;Maule;73;Curicó;7305;Rauco;Hombre;8,7;9,9
7;Maule;73;Curicó;7305;Rauco;Mujer;9,0;10,3
7;Maule;73;Curicó;7306;Romeral;Total Comuna;9,0;10,4
7;Maule;73;Curicó;7306;Romeral;Hombre;8,9;10,3
7;Maule;73;Curicó;7306;Romeral;Mujer;9,2;10,6
7;Maule;73;Curicó;7307;Sagrada Familia;Total Comuna;8,6;9,8
7;Maule;73;Curicó;7307;Sagrada Familia;Hombre;8,4;9,5
7;Maule;73;Curicó;7307;Sagrada Familia;Mujer;8,8;10,0
7;Maule;73;Curicó;7308;Teno;Total Comuna;8,7;9,9
7;Maule;73;Curicó;7308;Teno;Hombre;8,5;9,6
7;Maule;73;Curicó;7308;Teno;Mujer;8,8;10,1
7;Maule;73;Curicó;7309;Vichuquén;Total Comuna;9,2;10,3
7;Maule;73;Curicó;7309;Vichuquén;Hombre;8,9;10,0
7;Maule;73;Curicó;7309;Vichuquén;Mujer;9,4;10,5
7;Maule;74;Linares;7401;Linares;Total Comuna;9,8;11,4
7;Maule;74;Linares;7401;Linares;Hombre;9,6;11,3
7;Maule;74;Linares;7401;Linares;Mujer;10,0;11,6
7;Maule;74;Linares;7402;Colbún;Total Comuna;8,8;10,2
7;Maule;74;Linares;7402;Colbún;Hombre;8,5;9,9
7;Maule;74;Linares;7402;Colbún;Mujer;9,1;10,4
7;Maule;74;Linares;7403;Longaví;Total Comuna;8,3;9,5
7;Maule;74;Linares;7403;Longaví;Hombre;8,1;9,2
7;Maule;74;Linares;7403;Longaví;Mujer;8,6;9,7
7;Maule;74;Linares;7404;Parral;Total Comuna;9,1;10,6
7;Maule;74;Linares;7404;Parral;Hombre;8,9;10,4
7;Maule;74;Linares;7404;Parral;Mujer;9,3;10,7
7;Maule;74;Linares;7405;Retiro;Total Comuna;8,4;9,6
7;Maule;74;Linares;7405;Retiro;Hombre;8,2;9,3
7;Maule;74;Linares;7405;Retiro;Mujer;8,7;9,9
7;Maule;74;Linares;7406;San Javier;Total Comuna;9,0;10,6
7;Maule;74;Linares;7406;San Javier;Hombre;8,8;10,4
7;Maule;74;Linares;7406;San Javier;Mujer;9,2;10,7
7;Maule;74;Linares;7407;Villa Alegre;Total Comuna;8,8;10,2
7;Maule;74;Linares;7407;Villa Alegre;Hombre;8,6;10,0
7;Maule;74;Linares;7407;Villa Alegre;Mujer;9,1;10,4
7;Maule;74;Linares;7408;Yerbas Buenas;Total Comuna;8,4;9,6
7;Maule;74;Linares;7408;Yerbas Buenas;Hombre;8,1;9,3
7;Maule;74;Linares;7408;Yerbas Buenas;Mujer;8,6;9,8
16;Ñuble;161;Diguillín;16101;Chillán;Total Comuna;10,6;12,3
16;Ñuble;161;Diguillín;16101;Chillán;Hombre;10,4;12,3
16;Ñuble;161;Diguillín;16101;Chillán;Mujer;10,7;12,3
16;Ñuble;161;Diguillín;16102;Bulnes;Total Comuna;9,2;10,5
16;Ñuble;161;Diguillín;16102;Bulnes;Hombre;9,0;10,4
16;Ñuble;161;Diguillín;16102;Bulnes;Mujer;9,3;10,6
16;Ñuble;161;Diguillín;16103;Chillán Viejo;Total Comuna;9,9;11,6
16;Ñuble;161;Diguillín;16103;Chillán Viejo;Hombre;9,7;11,5
16;Ñuble;161;Diguillín;16103;Chillán Viejo;Mujer;10,1;11,7
16;Ñuble;161;Diguillín;16104;El Carmen;Total Comuna;8,6;9,7
16;Ñuble;161;Diguillín;16104;El Carmen;Hombre;8,3;9,4
16;Ñuble;161;Diguillín;16104;El Carmen;Mujer;8,8;9,9
16;Ñuble;161;Diguillín;16105;Pemuco;Total Comuna;8,7;9,9
16;Ñuble;161;Diguillín;16105;Pemuco;Hombre;8,4;9,6
16;Ñuble;161;Diguillín;16105;Pemuco;Mujer;8,9;10,1
16;Ñuble;161;Diguillín;16106;Pinto;Total Comuna;9,2;10,5
16;Ñuble;161;Diguillín;16106;Pinto;Hombre;9,0;10,2
16;Ñuble;161;Diguillín;16106;Pinto;Mujer;9,5;10,7
16;Ñuble;161;Diguillín;16107;Quillón;Total Comuna;9,1;10,3
16;Ñuble;161;Diguillín;16107;Quillón;Hombre;9,0;10,2
16;Ñuble;161;Diguillín;16107;Quillón;Mujer;9,2;10,3
16;Ñuble;161;Diguillín;16108;San Ignacio;Total Comuna;8,6;9,7
16;Ñuble;161;Diguillín;16108;San Ignacio;Hombre;8,4;9,5
16;Ñuble;161;Diguillín;16108;San Ignacio;Mujer;8,8;9,9
16;Ñuble;161;Diguillín;16109;Yungay;Total Comuna;9,3;10,6
16;Ñuble;161;Diguillín;16109;Yungay;Hombre;9,2;10,6
16;Ñuble;161;Diguillín;16109;Yungay;Mujer;9,4;10,6
16;Ñuble;162;Itata;16201;Quirihue;Total Comuna;9,0;10,2
16;Ñuble;162;Itata;16201;Quirihue;Hombre;8,7;9,8
16;Ñuble;162;Itata;16201;Quirihue;Mujer;9,3;10,5
16;Ñuble;162;Itata;16202;Cobquecura;Total Comuna;8,9;9,8
16;Ñuble;162;Itata;16202;Cobquecura;Hombre;8,5;9,4
16;Ñuble;162;Itata;16202;Cobquecura;Mujer;9,3;10,2
16;Ñuble;162;Itata;16203;Coelemu;Total Comuna;9,1;10,3
16;Ñuble;162;Itata;16203;Coelemu;Hombre;8,8;10,1
16;Ñuble;162;Itata;16203;Coelemu;Mujer;9,3;10,5
16;Ñuble;162;Itata;16204;Ninhue;Total Comuna;8,4;9,3
16;Ñuble;162;Itata;16204;Ninhue;Hombre;8,2;9,0
16;Ñuble;162;Itata;16204;Ninhue;Mujer;8,6;9,6
16;Ñuble;162;Itata;16205;Portezuelo;Total Comuna;8,4;9,3
16;Ñuble;162;Itata;16205;Portezuelo;Hombre;8,2;9,1
16;Ñuble;162;Itata;16205;Portezuelo;Mujer;8,6;9,6
16;Ñuble;162;Itata;16206;Ránquil;Total Comuna;8,8;9,9
16;Ñuble;162;Itata;16206;Ránquil;Hombre;8,6;9,8
16;Ñuble;162;Itata;16206;Ránquil;Mujer;9,0;10,1
16;Ñuble;162;Itata;16207;Trehuaco;Total Comuna;8,7;9,8
16;Ñuble;162;Itata;16207;Trehuaco;Hombre;8,4;9,5
16;Ñuble;162;Itata;16207;Trehuaco;Mujer;9,1;10,1
16;Ñuble;163;Punilla;16301;San Carlos;Total Comuna;9,2;10,5
16;Ñuble;163;Punilla;16301;San Carlos;Hombre;9,0;10,4
16;Ñuble;163;Punilla;16301;San Carlos;Mujer;9,4;10,7
16;Ñuble;163;Punilla;16302;Coihueco;Total Comuna;8,7;10,0
16;Ñuble;163;Punilla;16302;Coihueco;Hombre;8,4;9,7
16;Ñuble;163;Punilla;16302;Coihueco;Mujer;8,9;10,3
16;Ñuble;163;Punilla;16303;Ñiquén;Total Comuna;8,3;9,2
16;Ñuble;163;Punilla;16303;Ñiquén;Hombre;8,1;9,0
16;Ñuble;163;Punilla;16303;Ñiquén;Mujer;8,5;9,5
16;Ñuble;163;Punilla;16304;San Fabián;Total Comuna;9,1;10,5
16;Ñuble;163;Punilla;16304;San Fabián;Hombre;8,9;10,3
16;Ñuble;163;Punilla;16304;San Fabián;Mujer;9,4;10,7
16;Ñuble;163;Punilla;16305;San Nicolás;Total Comuna;8,9;10,1
16;Ñuble;163;Punilla;16305;San Nicolás;Hombre;8,7;9,9
16;Ñuble;163;Punilla;16305;San Nicolás;Mujer;9,1;10,3
8;Biobío;81;Concepción;8101;Concepción;Total Comuna;11,9;13,5
8;Biobío;81;Concepción;8101;Concepción;Hombre;11,8;13,5
8;Biobío;81;Concepción;8101;Concepción;Mujer;11,9;13,4
8;Biobío;81;Concepción;8102;Coronel;Total Comuna;9,9;11,7
8;Biobío;81;Concepción;8102;Coronel;Hombre;9,8;11,8
8;Biobío;81;Concepción;8102;Coronel;Mujer;9,9;11,6
8;Biobío;81;Concepción;8103;Chiguayante;Total Comuna;11,1;12,8
8;Biobío;81;Concepción;8103;Chiguayante;Hombre;11,0;13,0
8;Biobío;81;Concepción;8103;Chiguayante;Mujer;11,1;12,7
8;Biobío;81;Concepción;8104;Florida;Total Comuna;9,2;10,4
8;Biobío;81;Concepción;8104;Florida;Hombre;9,0;10,2
8;Biobío;81;Concepción;8104;Florida;Mujer;9,3;10,5
8;Biobío;81;Concepción;8105;Hualqui;Total Comuna;9,4;10,9
8;Biobío;81;Concepción;8105;Hualqui;Hombre;9,2;10,8
8;Biobío;81;Concepción;8105;Hualqui;Mujer;9,5;11,0
8;Biobío;81;Concepción;8106;Lota;Total Comuna;9,4;10,8
8;Biobío;81;Concepción;8106;Lota;Hombre;9,5;11,0
8;Biobío;81;Concepción;8106;Lota;Mujer;9,3;10,6
8;Biobío;81;Concepción;8107;Penco;Total Comuna;10,1;11,7
8;Biobío;81;Concepción;8107;Penco;Hombre;10,1;11,8
8;Biobío;81;Concepción;8107;Penco;Mujer;10,2;11,7
8;Biobío;81;Concepción;8108;San Pedro de La paz;Total Comuna;10,9;13,1
8;Biobío;81;Concepción;8108;San Pedro de La paz;Hombre;10,8;13,2
8;Biobío;81;Concepción;8108;San Pedro de La paz;Mujer;11,0;13,0
8;Biobío;81;Concepción;8109;Santa Juana;Total Comuna;9,0;10,3
8;Biobío;81;Concepción;8109;Santa Juana;Hombre;8,7;10,1
8;Biobío;81;Concepción;8109;Santa Juana;Mujer;9,2;10,4
8;Biobío;81;Concepción;8110;Talcahuano;Total Comuna;10,8;12,5
8;Biobío;81;Concepción;8110;Talcahuano;Hombre;10,8;12,7
8;Biobío;81;Concepción;8110;Talcahuano;Mujer;10,8;12,3
8;Biobío;81;Concepción;8111;Tomé;Total Comuna;10,1;11,6
8;Biobío;81;Concepción;8111;Tomé;Hombre;10,0;11,6
8;Biobío;81;Concepción;8111;Tomé;Mujer;10,2;11,6
8;Biobío;81;Concepción;8112;Hualpén;Total Comuna;10,8;12,4
8;Biobío;81;Concepción;8112;Hualpén;Hombre;10,8;12,5
8;Biobío;81;Concepción;8112;Hualpén;Mujer;10,9;12,3
8;Biobío;82;Arauco;8201;Lebu;Total Comuna;9,0;10,4
8;Biobío;82;Arauco;8201;Lebu;Hombre;8,8;10,3
8;Biobío;82;Arauco;8201;Lebu;Mujer;9,3;10,6
8;Biobío;82;Arauco;8202;Arauco;Total Comuna;9,4;10,9
8;Biobío;82;Arauco;8202;Arauco;Hombre;9,2;10,8
8;Biobío;82;Arauco;8202;Arauco;Mujer;9,5;11,0
8;Biobío;82;Arauco;8203;Cañete;Total Comuna;8,8;10,3
8;Biobío;82;Arauco;8203;Cañete;Hombre;8,7;10,2
8;Biobío;82;Arauco;8203;Cañete;Mujer;9,0;10,4
8;Biobío;82;Arauco;8204;Contulmo;Total Comuna;8,7;9,9
8;Biobío;82;Arauco;8204;Contulmo;Hombre;8,5;9,7
8;Biobío;82;Arauco;8204;Contulmo;Mujer;9,0;10,1
8;Biobío;82;Arauco;8205;Curanilahue;Total Comuna;9,2;10,7
8;Biobío;82;Arauco;8205;Curanilahue;Hombre;9,0;10,6
8;Biobío;82;Arauco;8205;Curanilahue;Mujer;9,3;10,7
8;Biobío;82;Arauco;8206;Los Álamos;Total Comuna;8,7;10,2
8;Biobío;82;Arauco;8206;Los Álamos;Hombre;8,6;10,0
8;Biobío;82;Arauco;8206;Los Álamos;Mujer;8,9;10,3
8;Biobío;82;Arauco;8207;Tirúa;Total Comuna;8,2;9,5
8;Biobío;82;Arauco;8207;Tirúa;Hombre;7,9;9,3
8;Biobío;82;Arauco;8207;Tirúa;Mujer;8,4;9,8
8;Biobío;83;Biobío;8301;Los Ángeles;Total Comuna;9,9;11,7
8;Biobío;83;Biobío;8301;Los Ángeles;Hombre;9,8;11,7
8;Biobío;83;Biobío;8301;Los Ángeles;Mujer;10,1;11,8
8;Biobío;83;Biobío;8302;Antuco;Total Comuna;9,3;10,5
8;Biobío;83;Biobío;8302;Antuco;Hombre;9,2;10,4
8;Biobío;83;Biobío;8302;Antuco;Mujer;9,5;10,6
8;Biobío;83;Biobío;8303;Cabrero;Total Comuna;9,2;10,6
8;Biobío;83;Biobío;8303;Cabrero;Hombre;9,1;10,5
8;Biobío;83;Biobío;8303;Cabrero;Mujer;9,3;10,6
8;Biobío;83;Biobío;8304;Laja;Total Comuna;9,3;10,7
8;Biobío;83;Biobío;8304;Laja;Hombre;9,2;10,7
8;Biobío;83;Biobío;8304;Laja;Mujer;9,4;10,7
8;Biobío;83;Biobío;8305;Mulchén;Total Comuna;8,8;10,1
8;Biobío;83;Biobío;8305;Mulchén;Hombre;8,6;10,0
8;Biobío;83;Biobío;8305;Mulchén;Mujer;9,0;10,2
8;Biobío;83;Biobío;8306;Nacimiento;Total Comuna;9,3;10,8
8;Biobío;83;Biobío;8306;Nacimiento;Hombre;9,2;10,8
8;Biobío;83;Biobío;8306;Nacimiento;Mujer;9,3;10,7
8;Biobío;83;Biobío;8307;Negrete;Total Comuna;8,7;10,0
8;Biobío;83;Biobío;8307;Negrete;Hombre;8,6;9,8
8;Biobío;83;Biobío;8307;Negrete;Mujer;8,8;10,1
8;Biobío;83;Biobío;8308;Quilaco;Total Comuna;8,7;9,8
8;Biobío;83;Biobío;8308;Quilaco;Hombre;8,5;9,6
8;Biobío;83;Biobío;8308;Quilaco;Mujer;8,8;10,0
8;Biobío;83;Biobío;8309;Quilleco;Total Comuna;8,8;9,9
8;Biobío;83;Biobío;8309;Quilleco;Hombre;8,6;9,8
8;Biobío;83;Biobío;8309;Quilleco;Mujer;9,0;10,1
8;Biobío;83;Biobío;8310;San Rosendo;Total Comuna;9,6;10,8
8;Biobío;83;Biobío;8310;San Rosendo;Hombre;9,6;10,8
8;Biobío;83;Biobío;8310;San Rosendo;Mujer;9,7;10,8
8;Biobío;83;Biobío;8311;Santa Bárbara;Total Comuna;8,9;10,3
8;Biobío;83;Biobío;8311;Santa Bárbara;Hombre;8,7;10,1
8;Biobío;83;Biobío;8311;Santa Bárbara;Mujer;9,1;10,4
8;Biobío;83;Biobío;8312;Tucapel;Total Comuna;9,3;10,6
8;Biobío;83;Biobío;8312;Tucapel;Hombre;9,1;10,5
8;Biobío;83;Biobío;8312;Tucapel;Mujer;9,4;10,7
8;Biobío;83;Biobío;8313;Yumbel;Total Comuna;9,2;10,3
8;Biobío;83;Biobío;8313;Yumbel;Hombre;9,0;10,3
8;Biobío;83;Biobío;8313;Yumbel;Mujer;9,3;10,4
8;Biobío;83;Biobío;8314;Alto Biobío;Total Comuna;7,2;8,4
8;Biobío;83;Biobío;8314;Alto Biobío;Hombre;7,2;8,4
8;Biobío;83;Biobío;8314;Alto Biobío;Mujer;7,2;8,5
9;La Araucanía;91;Cautín;9101;Temuco;Total Comuna;11,0;12,9
9;La Araucanía;91;Cautín;9101;Temuco;Hombre;10,9;12,9
9;La Araucanía;91;Cautín;9101;Temuco;Mujer;11,1;12,9
9;La Araucanía;91;Cautín;9102;Carahue;Total Comuna;8,4;9,6
9;La Araucanía;91;Cautín;9102;Carahue;Hombre;8,2;9,4
9;La Araucanía;91;Cautín;9102;Carahue;Mujer;8,6;9,8
9;La Araucanía;91;Cautín;9103;Cunco;Total Comuna;9,1;10,3
9;La Araucanía;91;Cautín;9103;Cunco;Hombre;9,0;10,2
9;La Araucanía;91;Cautín;9103;Cunco;Mujer;9,2;10,5
9;La Araucanía;91;Cautín;9104;Curarrehue;Total Comuna;8,4;9,7
9;La Araucanía;91;Cautín;9104;Curarrehue;Hombre;8,2;9,5
9;La Araucanía;91;Cautín;9104;Curarrehue;Mujer;8,5;9,8
9;La Araucanía;91;Cautín;9105;Freire;Total Comuna;8,8;10,0
9;La Araucanía;91;Cautín;9105;Freire;Hombre;8,7;10,0
9;La Araucanía;91;Cautín;9105;Freire;Mujer;8,9;10,0
9;La Araucanía;91;Cautín;9106;Galvarino;Total Comuna;8,0;9,2
9;La Araucanía;91;Cautín;9106;Galvarino;Hombre;8,0;9,2
9;La Araucanía;91;Cautín;9106;Galvarino;Mujer;8,1;9,2
9;La Araucanía;91;Cautín;9107;Gorbea;Total Comuna;9,2;10,4
9;La Araucanía;91;Cautín;9107;Gorbea;Hombre;9,1;10,3
9;La Araucanía;91;Cautín;9107;Gorbea;Mujer;9,4;10,5
9;La Araucanía;91;Cautín;9108;Lautaro;Total Comuna;9,3;11,0
9;La Araucanía;91;Cautín;9108;Lautaro;Hombre;9,2;10,9
9;La Araucanía;91;Cautín;9108;Lautaro;Mujer;9,5;11,0
9;La Araucanía;91;Cautín;9109;Loncoche;Total Comuna;9,1;10,4
9;La Araucanía;91;Cautín;9109;Loncoche;Hombre;9,0;10,4
9;La Araucanía;91;Cautín;9109;Loncoche;Mujer;9,2;10,4
9;La Araucanía;91;Cautín;9110;Melipeuco;Total Comuna;8,9;10,2
9;La Araucanía;91;Cautín;9110;Melipeuco;Hombre;8,7;10,1
9;La Araucanía;91;Cautín;9110;Melipeuco;Mujer;9,1;10,4
9;La Araucanía;91;Cautín;9111;Nueva Imperial;Total Comuna;8,9;10,3
9;La Araucanía;91;Cautín;9111;Nueva Imperial;Hombre;8,8;10,1
9;La Araucanía;91;Cautín;9111;Nueva Imperial;Mujer;9,1;10,5
9;La Araucanía;91;Cautín;9112;Padre Las Casas;Total Comuna;9,3;11,0
9;La Araucanía;91;Cautín;9112;Padre Las Casas;Hombre;9,2;11,0
9;La Araucanía;91;Cautín;9112;Padre Las Casas;Mujer;9,4;11,0
9;La Araucanía;91;Cautín;9113;Perquenco;Total Comuna;8,8;10,2
9;La Araucanía;91;Cautín;9113;Perquenco;Hombre;8,7;10,1
9;La Araucanía;91;Cautín;9113;Perquenco;Mujer;8,9;10,2
9;La Araucanía;91;Cautín;9114;Pitrufquén;Total Comuna;9,5;11,0
9;La Araucanía;91;Cautín;9114;Pitrufquén;Hombre;9,3;10,8
9;La Araucanía;91;Cautín;9114;Pitrufquén;Mujer;9,7;11,1
9;La Araucanía;91;Cautín;9115;Pucón;Total Comuna;10,2;12,1
9;La Araucanía;91;Cautín;9115;Pucón;Hombre;10,1;12,0
9;La Araucanía;91;Cautín;9115;Pucón;Mujer;10,3;12,1
9;La Araucanía;91;Cautín;9116;Saavedra;Total Comuna;8,1;9,2
9;La Araucanía;91;Cautín;9116;Saavedra;Hombre;8,0;9,1
9;La Araucanía;91;Cautín;9116;Saavedra;Mujer;8,2;9,3
9;La Araucanía;91;Cautín;9117;Teodoro Schmidt;Total Comuna;8,3;9,4
9;La Araucanía;91;Cautín;9117;Teodoro Schmidt;Hombre;8,2;9,3
9;La Araucanía;91;Cautín;9117;Teodoro Schmidt;Mujer;8,4;9,5
9;La Araucanía;91;Cautín;9118;Toltén;Total Comuna;8,6;9,7
9;La Araucanía;91;Cautín;9118;Toltén;Hombre;8,4;9,5
9;La Araucanía;91;Cautín;9118;Toltén;Mujer;8,7;9,8
9;La Araucanía;91;Cautín;9119;Vilcún;Total Comuna;9,2;10,7
9;La Araucanía;91;Cautín;9119;Vilcún;Hombre;9,0;10,6
9;La Araucanía;91;Cautín;9119;Vilcún;Mujer;9,3;10,8
9;La Araucanía;91;Cautín;9120;Villarrica;Total Comuna;9,9;11,7
9;La Araucanía;91;Cautín;9120;Villarrica;Hombre;9,7;11,6
9;La Araucanía;91;Cautín;9120;Villarrica;Mujer;10,0;11,8
9;La Araucanía;91;Cautín;9121;Cholchol;Total Comuna;8,3;9,7
9;La Araucanía;91;Cautín;9121;Cholchol;Hombre;8,2;9,6
9;La Araucanía;91;Cautín;9121;Cholchol;Mujer;8,5;9,9
9;La Araucanía;92;Malleco;9201;Angol;Total Comuna;9,6;11,2
9;La Araucanía;92;Malleco;9201;Angol;Hombre;9,3;11,0
9;La Araucanía;92;Malleco;9201;Angol;Mujer;9,8;11,3
9;La Araucanía;92;Malleco;9202;Collipulli;Total Comuna;8,6;9,9
9;La Araucanía;92;Malleco;9202;Collipulli;Hombre;8,5;9,8
9;La Araucanía;92;Malleco;9202;Collipulli;Mujer;8,7;10,0
9;La Araucanía;92;Malleco;9203;Curacautín;Total Comuna;9,3;10,6
9;La Araucanía;92;Malleco;9203;Curacautín;Hombre;9,1;10,5
9;La Araucanía;92;Malleco;9203;Curacautín;Mujer;9,4;10,7
9;La Araucanía;92;Malleco;9204;Ercilla;Total Comuna;8,2;9,5
9;La Araucanía;92;Malleco;9204;Ercilla;Hombre;8,1;9,5
9;La Araucanía;92;Malleco;9204;Ercilla;Mujer;8,2;9,5
9;La Araucanía;92;Malleco;9205;Lonquimay;Total Comuna;8,2;9,6
9;La Araucanía;92;Malleco;9205;Lonquimay;Hombre;8,2;9,6
9;La Araucanía;92;Malleco;9205;Lonquimay;Mujer;8,3;9,6
9;La Araucanía;92;Malleco;9206;Los Sauces;Total Comuna;8,2;9,3
9;La Araucanía;92;Malleco;9206;Los Sauces;Hombre;7,9;9,1
9;La Araucanía;92;Malleco;9206;Los Sauces;Mujer;8,4;9,6
9;La Araucanía;92;Malleco;9207;Lumaco;Total Comuna;7,7;8,6
9;La Araucanía;92;Malleco;9207;Lumaco;Hombre;7,5;8,6
9;La Araucanía;92;Malleco;9207;Lumaco;Mujer;7,8;8,7
9;La Araucanía;92;Malleco;9208;Purén;Total Comuna;8,5;9,7
9;La Araucanía;92;Malleco;9208;Purén;Hombre;8,3;9,5
9;La Araucanía;92;Malleco;9208;Purén;Mujer;8,7;9,9
9;La Araucanía;92;Malleco;9209;Renaico;Total Comuna;8,7;10,1
9;La Araucanía;92;Malleco;9209;Renaico;Hombre;8,5;9,9
9;La Araucanía;92;Malleco;9209;Renaico;Mujer;8,9;10,3
9;La Araucanía;92;Malleco;9210;Traiguén;Total Comuna;8,8;10,2
9;La Araucanía;92;Malleco;9210;Traiguén;Hombre;8,6;10,0
9;La Araucanía;92;Malleco;9210;Traiguén;Mujer;9,0;10,3
9;La Araucanía;92;Malleco;9211;Victoria;Total Comuna;9,4;10,9
9;La Araucanía;92;Malleco;9211;Victoria;Hombre;9,3;10,9
9;La Araucanía;92;Malleco;9211;Victoria;Mujer;9,5;11,0
14;Los Ríos;141;Valdivia;14101;Valdivia;Total Comuna;11,0;12,7
14;Los Ríos;141;Valdivia;14101;Valdivia;Hombre;10,9;12,7
14;Los Ríos;141;Valdivia;14101;Valdivia;Mujer;11,1;12,7
14;Los Ríos;141;Valdivia;14102;Corral;Total Comuna;9,0;10,1
14;Los Ríos;141;Valdivia;14102;Corral;Hombre;9,0;10,0
14;Los Ríos;141;Valdivia;14102;Corral;Mujer;9,1;10,2
14;Los Ríos;141;Valdivia;14103;Lanco;Total Comuna;9,3;10,7
14;Los Ríos;141;Valdivia;14103;Lanco;Hombre;9,2;10,7
14;Los Ríos;141;Valdivia;14103;Lanco;Mujer;9,4;10,8
14;Los Ríos;141;Valdivia;14104;Los Lagos;Total Comuna;8,9;10,3
14;Los Ríos;141;Valdivia;14104;Los Lagos;Hombre;8,9;10,3
14;Los Ríos;141;Valdivia;14104;Los Lagos;Mujer;9,0;10,3
14;Los Ríos;141;Valdivia;14105;Máfil;Total Comuna;9,3;10,7
14;Los Ríos;141;Valdivia;14105;Máfil;Hombre;9,2;10,7
14;Los Ríos;141;Valdivia;14105;Máfil;Mujer;9,4;10,8
14;Los Ríos;141;Valdivia;14106;Mariquina;Total Comuna;9,0;10,6
14;Los Ríos;141;Valdivia;14106;Mariquina;Hombre;8,9;10,5
14;Los Ríos;141;Valdivia;14106;Mariquina;Mujer;9,1;10,7
14;Los Ríos;141;Valdivia;14107;Paillaco;Total Comuna;9,0;10,3
14;Los Ríos;141;Valdivia;14107;Paillaco;Hombre;8,9;10,2
14;Los Ríos;141;Valdivia;14107;Paillaco;Mujer;9,2;10,4
14;Los Ríos;141;Valdivia;14108;Panguipulli;Total Comuna;8,8;10,2
14;Los Ríos;141;Valdivia;14108;Panguipulli;Hombre;8,7;10,2
14;Los Ríos;141;Valdivia;14108;Panguipulli;Mujer;8,9;10,2
14;Los Ríos;142;Ranco;14201;La Unión;Total Comuna;9,5;10,9
14;Los Ríos;142;Ranco;14201;La Unión;Hombre;9,4;10,8
14;Los Ríos;142;Ranco;14201;La Unión;Mujer;9,6;11,0
14;Los Ríos;142;Ranco;14202;Futrono;Total Comuna;8,7;10,1
14;Los Ríos;142;Ranco;14202;Futrono;Hombre;8,6;10,1
14;Los Ríos;142;Ranco;14202;Futrono;Mujer;8,9;10,2
14;Los Ríos;142;Ranco;14203;Lago Ranco;Total Comuna;8,5;9,8
14;Los Ríos;142;Ranco;14203;Lago Ranco;Hombre;8,5;9,7
14;Los Ríos;142;Ranco;14203;Lago Ranco;Mujer;8,6;9,9
14;Los Ríos;142;Ranco;14204;Río Bueno;Total Comuna;9,1;10,4
14;Los Ríos;142;Ranco;14204;Río Bueno;Hombre;9,0;10,3
14;Los Ríos;142;Ranco;14204;Río Bueno;Mujer;9,3;10,5
10;Los Lagos;101;Llanquihue;10101;Puerto Montt;Total Comuna;10,3;12,1
10;Los Lagos;101;Llanquihue;10101;Puerto Montt;Hombre;10,2;12,1
10;Los Lagos;101;Llanquihue;10101;Puerto Montt;Mujer;10,3;12,1
10;Los Lagos;101;Llanquihue;10102;Calbuco;Total Comuna;8,7;10,0
10;Los Lagos;101;Llanquihue;10102;Calbuco;Hombre;8,6;9,9
10;Los Lagos;101;Llanquihue;10102;Calbuco;Mujer;8,8;10,0
10;Los Lagos;101;Llanquihue;10103;Cochamó;Total Comuna;8,8;9,9
10;Los Lagos;101;Llanquihue;10103;Cochamó;Hombre;8,6;9,6
10;Los Lagos;101;Llanquihue;10103;Cochamó;Mujer;9,2;10,1
10;Los Lagos;101;Llanquihue;10104;Fresia;Total Comuna;8,5;9,6
10;Los Lagos;101;Llanquihue;10104;Fresia;Hombre;8,4;9,5
10;Los Lagos;101;Llanquihue;10104;Fresia;Mujer;8,7;9,7
10;Los Lagos;101;Llanquihue;10105;Frutillar;Total Comuna;9,5;11,1
10;Los Lagos;101;Llanquihue;10105;Frutillar;Hombre;9,4;11,1
10;Los Lagos;101;Llanquihue;10105;Frutillar;Mujer;9,6;11,1
10;Los Lagos;101;Llanquihue;10106;Los Muermos;Total Comuna;8,5;9,5
10;Los Lagos;101;Llanquihue;10106;Los Muermos;Hombre;8,3;9,4
10;Los Lagos;101;Llanquihue;10106;Los Muermos;Mujer;8,6;9,7
10;Los Lagos;101;Llanquihue;10107;Llanquihue;Total Comuna;9,6;11,0
10;Los Lagos;101;Llanquihue;10107;Llanquihue;Hombre;9,5;11,0
10;Los Lagos;101;Llanquihue;10107;Llanquihue;Mujer;9,6;11,0
10;Los Lagos;101;Llanquihue;10108;Maullín;Total Comuna;8,7;9,7
10;Los Lagos;101;Llanquihue;10108;Maullín;Hombre;8,5;9,6
10;Los Lagos;101;Llanquihue;10108;Maullín;Mujer;8,8;9,8
10;Los Lagos;101;Llanquihue;10109;Puerto Varas;Total Comuna;10,8;13,0
10;Los Lagos;101;Llanquihue;10109;Puerto Varas;Hombre;10,7;13,0
10;Los Lagos;101;Llanquihue;10109;Puerto Varas;Mujer;10,8;12,9
10;Los Lagos;102;Chiloé;10201;Castro;Total Comuna;10,0;11,6
10;Los Lagos;102;Chiloé;10201;Castro;Hombre;9,9;11,6
10;Los Lagos;102;Chiloé;10201;Castro;Mujer;10,0;11,5
10;Los Lagos;102;Chiloé;10202;Ancud;Total Comuna;9,5;10,9
10;Los Lagos;102;Chiloé;10202;Ancud;Hombre;9,3;10,7
10;Los Lagos;102;Chiloé;10202;Ancud;Mujer;9,7;11,0
10;Los Lagos;102;Chiloé;10203;Chonchi;Total Comuna;9,1;10,4
10;Los Lagos;102;Chiloé;10203;Chonchi;Hombre;9,1;10,4
10;Los Lagos;102;Chiloé;10203;Chonchi;Mujer;9,1;10,4
10;Los Lagos;102;Chiloé;10204;Curaco de Vélez;Total Comuna;9,0;10,1
10;Los Lagos;102;Chiloé;10204;Curaco de Vélez;Hombre;8,9;10,2
10;Los Lagos;102;Chiloé;10204;Curaco de Vélez;Mujer;9,1;10,1
10;Los Lagos;102;Chiloé;10205;Dalcahue;Total Comuna;8,9;10,3
10;Los Lagos;102;Chiloé;10205;Dalcahue;Hombre;8,8;10,2
10;Los Lagos;102;Chiloé;10205;Dalcahue;Mujer;9,0;10,3
10;Los Lagos;102;Chiloé;10206;Puqueldón;Total Comuna;8,6;9,6
10;Los Lagos;102;Chiloé;10206;Puqueldón;Hombre;8,8;9,9
10;Los Lagos;102;Chiloé;10206;Puqueldón;Mujer;8,4;9,3
10;Los Lagos;102;Chiloé;10207;Queilén;Total Comuna;8,5;9,5
10;Los Lagos;102;Chiloé;10207;Queilén;Hombre;8,4;9,5
10;Los Lagos;102;Chiloé;10207;Queilén;Mujer;8,5;9,6
10;Los Lagos;102;Chiloé;10208;Quellón;Total Comuna;8,7;10,2
10;Los Lagos;102;Chiloé;10208;Quellón;Hombre;8,6;10,1
10;Los Lagos;102;Chiloé;10208;Quellón;Mujer;8,8;10,3
10;Los Lagos;102;Chiloé;10209;Quemchi;Total Comuna;8,6;9,5
10;Los Lagos;102;Chiloé;10209;Quemchi;Hombre;8,5;9,4
10;Los Lagos;102;Chiloé;10209;Quemchi;Mujer;8,6;9,6
10;Los Lagos;102;Chiloé;10210;Quinchao;Total Comuna;8,9;9,9
10;Los Lagos;102;Chiloé;10210;Quinchao;Hombre;8,9;9,9
10;Los Lagos;102;Chiloé;10210;Quinchao;Mujer;8,8;9,8
10;Los Lagos;103;Osorno;10301;Osorno;Total Comuna;10,2;11,8
10;Los Lagos;103;Osorno;10301;Osorno;Hombre;10,1;11,9
10;Los Lagos;103;Osorno;10301;Osorno;Mujer;10,3;11,8
10;Los Lagos;103;Osorno;10302;Puerto Octay;Total Comuna;8,9;10,1
10;Los Lagos;103;Osorno;10302;Puerto Octay;Hombre;8,8;10,0
10;Los Lagos;103;Osorno;10302;Puerto Octay;Mujer;8,9;10,2
10;Los Lagos;103;Osorno;10303;Purranque;Total Comuna;9,0;10,2
10;Los Lagos;103;Osorno;10303;Purranque;Hombre;8,8;10,2
10;Los Lagos;103;Osorno;10303;Purranque;Mujer;9,1;10,3
10;Los Lagos;103;Osorno;10304;Puyehue;Total Comuna;8,9;10,2
10;Los Lagos;103;Osorno;10304;Puyehue;Hombre;8,9;10,1
10;Los Lagos;103;Osorno;10304;Puyehue;Mujer;9,0;10,3
10;Los Lagos;103;Osorno;10305;Río Negro;Total Comuna;9,1;10,3
10;Los Lagos;103;Osorno;10305;Río Negro;Hombre;9,0;10,3
10;Los Lagos;103;Osorno;10305;Río Negro;Mujer;9,1;10,3
10;Los Lagos;103;Osorno;10306;San Juan de la Costa;Total Comuna;7,9;8,6
10;Los Lagos;103;Osorno;10306;San Juan de la Costa;Hombre;7,8;8,5
10;Los Lagos;103;Osorno;10306;San Juan de la Costa;Mujer;7,9;8,7
10;Los Lagos;103;Osorno;10307;San Pablo;Total Comuna;9,0;10,1
10;Los Lagos;103;Osorno;10307;San Pablo;Hombre;8,8;10,0
10;Los Lagos;103;Osorno;10307;San Pablo;Mujer;9,1;10,3
10;Los Lagos;104;Palena;10401;Chaitén;Total Comuna;9,1;10,4
10;Los Lagos;104;Palena;10401;Chaitén;Hombre;8,9;10,3
10;Los Lagos;104;Palena;10401;Chaitén;Mujer;9,3;10,6
10;Los Lagos;104;Palena;10402;Futaleufú;Total Comuna;9,8;11,6
10;Los Lagos;104;Palena;10402;Futaleufú;Hombre;9,5;11,3
10;Los Lagos;104;Palena;10402;Futaleufú;Mujer;10,2;11,9
10;Los Lagos;104;Palena;10403;Hualaihué;Total Comuna;8,7;10,0
10;Los Lagos;104;Palena;10403;Hualaihué;Hombre;8,5;9,8
10;Los Lagos;104;Palena;10403;Hualaihué;Mujer;9,0;10,3
10;Los Lagos;104;Palena;10404;Palena;Total Comuna;9,3;10,5
10;Los Lagos;104;Palena;10404;Palena;Hombre;8,9;10,1
10;Los Lagos;104;Palena;10404;Palena;Mujer;9,6;10,9
11;Aysén del General Carlos Ibáñez del Campo;111;Coyhaique;11101;Coyhaique;Total Comuna;10,2;12,1
11;Aysén del General Carlos Ibáñez del Campo;111;Coyhaique;11101;Coyhaique;Hombre;10,0;12,0
11;Aysén del General Carlos Ibáñez del Campo;111;Coyhaique;11101;Coyhaique;Mujer;10,3;12,1
11;Aysén del General Carlos Ibáñez del Campo;111;Coyhaique;11102;Lago Verde;Total Comuna;8,8;9,6
11;Aysén del General Carlos Ibáñez del Campo;111;Coyhaique;11102;Lago Verde;Hombre;8,6;9,3
11;Aysén del General Carlos Ibáñez del Campo;111;Coyhaique;11102;Lago Verde;Mujer;9,1;9,9
11;Aysén del General Carlos Ibáñez del Campo;112;Aysén;11201;Aysén;Total Comuna;9,6;11,2
11;Aysén del General Carlos Ibáñez del Campo;112;Aysén;11201;Aysén;Hombre;9,4;11,1
11;Aysén del General Carlos Ibáñez del Campo;112;Aysén;11201;Aysén;Mujer;9,7;11,4
11;Aysén del General Carlos Ibáñez del Campo;112;Aysén;11202;Cisnes;Total Comuna;9,5;11,0
11;Aysén del General Carlos Ibáñez del Campo;112;Aysén;11202;Cisnes;Hombre;9,2;10,7
11;Aysén del General Carlos Ibáñez del Campo;112;Aysén;11202;Cisnes;Mujer;9,7;11,2
11;Aysén del General Carlos Ibáñez del Campo;112;Aysén;11203;Guaitecas;Total Comuna;9,0;10,4
11;Aysén del General Carlos Ibáñez del Campo;112;Aysén;11203;Guaitecas;Hombre;8,9;10,2
11;Aysén del General Carlos Ibáñez del Campo;112;Aysén;11203;Guaitecas;Mujer;9,2;10,6
11;Aysén del General Carlos Ibáñez del Campo;113;Capitán Prat;11301;Cochrane;Total Comuna;9,5;11,3
11;Aysén del General Carlos Ibáñez del Campo;113;Capitán Prat;11301;Cochrane;Hombre;9,3;11,0
11;Aysén del General Carlos Ibáñez del Campo;113;Capitán Prat;11301;Cochrane;Mujer;9,8;11,5
11;Aysén del General Carlos Ibáñez del Campo;113;Capitán Prat;11302;O'Higgins;Total Comuna;9,6;11,5
11;Aysén del General Carlos Ibáñez del Campo;113;Capitán Prat;11302;O'Higgins;Hombre;9,3;11,0
11;Aysén del General Carlos Ibáñez del Campo;113;Capitán Prat;11302;O'Higgins;Mujer;10,0;12,2
11;Aysén del General Carlos Ibáñez del Campo;113;Capitán Prat;11303;Tortel;Total Comuna;9,5;11,5
11;Aysén del General Carlos Ibáñez del Campo;113;Capitán Prat;11303;Tortel;Hombre;9,2;11,1
11;Aysén del General Carlos Ibáñez del Campo;113;Capitán Prat;11303;Tortel;Mujer;9,8;11,9
11;Aysén del General Carlos Ibáñez del Campo;114;General Carrera;11401;Chile Chico;Total Comuna;9,5;11,0
11;Aysén del General Carlos Ibáñez del Campo;114;General Carrera;11401;Chile Chico;Hombre;9,3;10,8
11;Aysén del General Carlos Ibáñez del Campo;114;General Carrera;11401;Chile Chico;Mujer;9,7;11,2
11;Aysén del General Carlos Ibáñez del Campo;114;General Carrera;11402;Río Ibáñez;Total Comuna;9,3;10,5
11;Aysén del General Carlos Ibáñez del Campo;114;General Carrera;11402;Río Ibáñez;Hombre;9,1;10,3
11;Aysén del General Carlos Ibáñez del Campo;114;General Carrera;11402;Río Ibáñez;Mujer;9,5;10,8
12;Magallanes y de la Antártica Chilena;121;Magallanes;12101;Punta Arenas;Total Comuna;10,8;12,5
12;Magallanes y de la Antártica Chilena;121;Magallanes;12101;Punta Arenas;Hombre;10,8;12,6
12;Magallanes y de la Antártica Chilena;121;Magallanes;12101;Punta Arenas;Mujer;10,8;12,5
12;Magallanes y de la Antártica Chilena;121;Magallanes;12102;Laguna Blanca;Total Comuna;11,2;11,9
12;Magallanes y de la Antártica Chilena;121;Magallanes;12102;Laguna Blanca;Hombre;10,9;11,4
12;Magallanes y de la Antártica Chilena;121;Magallanes;12102;Laguna Blanca;Mujer;11,8;13,3
12;Magallanes y de la Antártica Chilena;121;Magallanes;12103;Río Verde;Total Comuna;9,4;9,9
12;Magallanes y de la Antártica Chilena;121;Magallanes;12103;Río Verde;Hombre;9,1;9,3
12;Magallanes y de la Antártica Chilena;121;Magallanes;12103;Río Verde;Mujer;10,0;11,3
12;Magallanes y de la Antártica Chilena;121;Magallanes;12104;San Gregorio;Total Comuna;10,0;11,1
12;Magallanes y de la Antártica Chilena;121;Magallanes;12104;San Gregorio;Hombre;9,3;10,3
12;Magallanes y de la Antártica Chilena;121;Magallanes;12104;San Gregorio;Mujer;11,2;12,3
12;Magallanes y de la Antártica Chilena;122;Antártica Chilena;12201;Cabo de Hornos;Total Comuna;10,7;13,6
12;Magallanes y de la Antártica Chilena;122;Antártica Chilena;12201;Cabo de Hornos;Hombre;10,7;13,6
12;Magallanes y de la Antártica Chilena;122;Antártica Chilena;12201;Cabo de Hornos;Mujer;10,6;13,7
12;Magallanes y de la Antártica Chilena;122;Antártica Chilena;12202;Antártica;Total Comuna;15,0;15,0
12;Magallanes y de la Antártica Chilena;122;Antártica Chilena;12202;Antártica;Hombre;15,1;15,1
12;Magallanes y de la Antártica Chilena;122;Antártica Chilena;12202;Antártica;Mujer;14,3;14,3
12;Magallanes y de la Antártica Chilena;123;Tierra del Fuego;12301;Porvenir;Total Comuna;9,9;11,7
12;Magallanes y de la Antártica Chilena;123;Tierra del Fuego;12301;Porvenir;Hombre;9,8;11,5
12;Magallanes y de la Antártica Chilena;123;Tierra del Fuego;12301;Porvenir;Mujer;10,0;11,9
12;Magallanes y de la Antártica Chilena;123;Tierra del Fuego;12302;Primavera;Total Comuna;9,4;11,0
12;Magallanes y de la Antártica Chilena;123;Tierra del Fuego;12302;Primavera;Hombre;9,1;10,5
12;Magallanes y de la Antártica Chilena;123;Tierra del Fuego;12302;Primavera;Mujer;9,8;11,5
12;Magallanes y de la Antártica Chilena;123;Tierra del Fuego;12303;Timaukel;Total Comuna;10,7;12,4
12;Magallanes y de la Antártica Chilena;123;Tierra del Fuego;12303;Timaukel;Hombre;10,2;11,5
12;Magallanes y de la Antártica Chilena;123;Tierra del Fuego;12303;Timaukel;Mujer;11,4;13,8
12;Magallanes y de la Antártica Chilena;124;Última Esperanza;12401;Natales;Total Comuna;10,1;11,7
12;Magallanes y de la Antártica Chilena;124;Última Esperanza;12401;Natales;Hombre;10,0;11,6
12;Magallanes y de la Antártica Chilena;124;Última Esperanza;12401;Natales;Mujer;10,3;11,9
12;Magallanes y de la Antártica Chilena;124;Última Esperanza;12402;Torres del Paine;Total Comuna;11,1;12,4
12;Magallanes y de la Antártica Chilena;124;Última Esperanza;12402;Torres del Paine;Hombre;10,4;11,5
12;Magallanes y de la Antártica Chilena;124;Última Esperanza;12402;Torres del Paine;Mujer;12,0;13,5
;;;;;;;;
"Fuente: Censo de Población y Vivienda 2024 - Instituto Nacional de Estadísticas.
Nota: La información utilizada fue procesada bajo los principios de protección y privacidad de los datos de la ley 17.374.";;;;;;;;
;;;;;;;;
